device_id,payment_date,currency,price
616e13739751f69fc77004a985ab6ed17815da28e15ab93aecee036f95077055,2022-08-02T01:15:12.038+0000,BRL,26.322809041172356
41213621a06d52f2443b8135a9894d74856373dcf41a97dd5a94e15ba45381c0,2022-08-25T05:47:46.587+0000,CAD,149.87162471378952
e6c8081cb3c396ed4b9b2976a6f622bf3adc6ba73daf5c6538e2e24ee9c8b113,2022-08-22T23:59:59.087+0000,CLP,25.866417728973133
55c02f94bc01f16ce4876b40ac5b18f01eeaa29aed98c1e128ed5a4a7c0e34a4,2022-08-30T15:52:28.470+0000,PLN,48.48347805413164
78c9fb82cedc429ba096f4a7d7fcc5144a5eb024c474276d648a87ea24e34f10,2022-08-07T02:52:25.688+0000,CLP,12.57797891296818
e28983d4e5ab9fcb99a8f9a02481a9d686c6d1dd0c1c1d3ae93f7a50bed62aed,2022-08-16T14:51:19.779+0000,COP,10.36714188055537
7ffce0ebc3ccd04503b4c6e84c93a9a31a42e467b6190469c96e59c296f94a55,2022-08-21T03:11:46.396+0000,BRL,65.20025939987977
3182d0691ccabc09ac6cbf1bf04ca708bbbaa38966386afda28a5a686a57bab1,2022-08-20T19:26:43.372+0000,MXN,95.89382068918391
31cde027362eb4438cc39cf44239f4e01e542a049f58ffd65f1738b514a3f8a0,2022-08-22T14:00:48.693+0000,ARS,11.296891871837328
d29e3506f46659611dc66ac22bf903fb0f695bfac42d487be1c13bdbafbed993,2022-08-20T02:00:29.238+0000,ARS,76.02611497137046
80d85541cf9cc0ace6426153e0cee04f6b520349f6930796d5795ea9e7ba748b,2022-08-20T02:59:29.433+0000,BRL,43.39808646231698
6487a2de8d53b293d5f72daa8b7b587b4e687b0ab10e6714882f1eda33d0ad6e,2022-08-12T16:47:40.316+0000,USD,111.95655540909632
fb7be06c3a399ed89408d6607119d5b4627f830e9d8daf8c97bc7c5484cfc05e,2022-08-02T11:48:20.092+0000,EUR,40.71106597790704
6c41d6ee127f95d25ba31307a46acb0c6d394b8a818293aeab3bebd86f678105,2022-08-26T17:51:18.348+0000,ZAR,13.570355325969013
4b5d94d78949b443432dd68ec809d73ac16ba6c3a305067c88cd7f328a1cd3ad,2022-08-29T04:09:30.636+0000,EUR,13.70651668617342
c498756aa28cca720012042dea8ef799435043ef0597ca451cb681b691cb414a,2022-08-25T17:54:10.473+0000,ZAR,12.294627570629924
9d5f9d679a2ad1244a341a1d10c37dfffb6ce29fbc2c7c190a8a1fd125122f48,2022-08-23T05:21:01.939+0000,INR,96.72886812333023
50110bd14f01ce1caaa20e76d8cd73db915a5c1c6cb3855cc372b3bb5e7d9f4d,2022-08-27T15:28:58.078+0000,PLN,119.56952027841987
83c36a7cf85b0084f8ddda98b47efd8157731f0351f7fcc37d3cd5933a708e80,2022-08-30T18:50:19.211+0000,CLP,24.22600602366628
3a9df27d296828c533dca486fbffc56602e8417aae483abeb29cc913128493bd,2022-08-28T13:37:33.616+0000,CLP,36.33900903549942
805f892d9ffbc2d3f35d0d3cd0ae15920f8452c8017e0436a16cc152b58ed85a,2022-08-27T08:26:51.040+0000,COP,45.53695579185909
b90eafdc206ef208795979ac2f12e936c8a8b2844c88a70ad08a4c1114e096fb,2022-08-11T14:28:57.806+0000,ZAR,6.01590076635789
d9e111f768f14a6e107e824ef67addd57b36a802d35a4aa66654fa2a5724a621,2022-08-05T22:25:01.400+0000,ZAR,9.311700088050495
e171578b7c320d94814dcbb3072f688463389ee6d8d8a8bb33edc0dd54eb98fb,2022-08-06T16:34:44.815+0000,USD,17.883447359405913
94019f9c0887eeca249e847da8f5f66b97223eae28a28bc672ad3a9338e9f764,2022-08-05T08:27:00.776+0000,INR,39.336441863980745
c36f9e643da29c8c80064f6de61a07ad30921baf2f125ec1e0184585b010a3a8,2022-08-23T22:02:53.744+0000,INR,1.3998757814751517
b1533c479032212bc17413ea6222127af39263a7c65cab724c2019530d301aab,2022-08-28T04:09:42.841+0000,CAD,62.13371319782698
a69b38236f3e67b37dac2fcfaeefb6ce7c065f6fafca3020b6ffe1530db17eb2,2022-08-18T17:49:35.539+0000,GBP,40.16608239817505
69923f08dc5efa4654c1432f9bea82fd8bfb35175e3bb1039fdbe76321d06630,2022-08-07T20:38:55.319+0000,EUR,49.76594138994676
6afe8e27cec49d94af73a55c71119d3604c9a4438695e8b56965b095fe8e3d9d,2022-08-09T21:30:29.997+0000,GBP,92.68087433758306
ab19381ce97e058d5cffef7031f2dc474063e490a65c7cd2578d22cd16f1ec47,2022-08-10T22:50:17.360+0000,EUR,13.045293582951256
c36f9e643da29c8c80064f6de61a07ad30921baf2f125ec1e0184585b010a3a8,2022-08-31T08:23:05.049+0000,MXN,29.562692230111775
1e7eeff210ac5a5b51be7a5e0fd3a99cb15389bfe387b7987e2d24c8a8d9b27c,2022-08-20T19:05:38.328+0000,ARS,19.010409164458043
0ebd95876a8b763ccabebfe6a928ae547c7099a8d655bd45e300b2ca8c988b70,2022-08-10T01:40:59.735+0000,USD,26.423744618136073
b2234856a25fafe44786d7d6924391d4608df7b9977074573663a8fc54164a3e,2022-08-29T19:21:21.372+0000,EUR,16.356416217393765
acfc3de142c6ae208f9cb7035a53a84024aebae147c8deca870e4346c665a359,2022-08-14T05:44:23.500+0000,COP,48.112576989819864
d112fe4e75cb8212c2e2ecde7e8f42246a996911ea263ffa54cdc413613e35da,2022-08-27T09:09:36.762+0000,BRL,6.5255092153362115
fb7be06c3a399ed89408d6607119d5b4627f830e9d8daf8c97bc7c5484cfc05e,2022-08-05T22:07:46.821+0000,CLP,17.754003960981464
c478f7b0453e87dd8e6ccd5a6b25e1d3b70cab81a762ffd9a9c123fe4ca2d9e3,2022-08-14T23:07:43.239+0000,CLP,49.10277554681283
c1cef8d11a8f11315664d40c86d6ac0b7f58365d71664328ee06b13910f94b33,2022-08-11T01:20:07.107+0000,ARS,13.051018430672423
8da4aeb8f3b6906da0f22dc657a74ffd07177b124ca15539165cacea8c70eaf3,2022-08-21T08:52:14.096+0000,GBP,80.14489497489491
d493b4c75f360efae8541dcf14e8ea31206266084fd63dad6ee925455a8d3ae6,2022-08-19T18:53:13.911+0000,JPY,42.49207351235279
4343f788ed9c40ef7559f4f1f5ec0bc1ecb687f2bc41ff561f59301671e2c2a5,2022-08-12T05:06:28.756+0000,PLN,11.533393263838965
2eef8c6454d6216fb468ad4d8f34c0043fc238b5b7e8cfac29680527bb3b2194,2022-08-14T16:01:51.372+0000,PLN,50.40082011815553
aeb56db05f4b3cdeeea4528faf730fae379065e90cfffbc660989f532e6d7f53,2022-08-19T15:45:15.339+0000,ARS,33.60054674543702
1daf09e99ad16af2136393971077cdc79a94a9565c7c0c4a2229acc6b29dcc52,2022-08-10T13:01:02.713+0000,ARS,8.565261239168503
46898edd24d9c8a6082f6e292aa8835da61fb72e9cbe7e461ae467187b3559fa,2022-08-18T18:08:06.253+0000,ARS,49.757552290506894
caef5f93895a476b5d9d4914052981d783d458e62fc835aa6ade3bb8ce355356,2022-08-13T16:12:30.988+0000,GBP,5.710174159445669
3b0ff26b5a8877777c089fcb4585b5937214d8683d50815d343e3937dc3a2e8c,2022-08-17T00:00:53.322+0000,EUR,119.39315643326233
d774c335c86393dcf087cc1f282082e186fc10bc12d252878fc2dd6da4aa8d16,2022-08-09T20:25:18.577+0000,EUR,74.85961210724236
ee474dcb93ca490db399e6c569a546fe2b0ea92458c6a0b3d1bee38bdb5a0e85,2022-08-08T05:05:07.973+0000,CLP,33.234870971908094
1eb47f7f8d1f3660f722986ff572219ef630ea54df686e7ac4cadd13b5b82057,2022-08-18T08:12:59.306+0000,MXN,23.351458437756207
0bb292837cbe4e319f3eee0c0a5179056b74ca3c4a49a71ffec122632764c2c7,2022-08-26T21:35:46.410+0000,EUR,71.30649186620475
2ecba4059b0361085a631056b403d74fae79fa5e5ff3b53d012ab8489ea5fc6b,2022-08-14T10:09:45.722+0000,JPY,39.211262377163905
20b81311c2e7d853f2f512e57f34b97f06ba228529ee7c8a7414a9e4b61b6d9c,2022-08-26T06:47:23.673+0000,ZAR,7.7838194792520685
62ec8dc819d43dd8b783e0874bcb438d679b1fa74d699f49248443718f180fa4,2022-08-14T22:53:46.205+0000,EUR,2.8142863446425137
f07d848737740611d5b58e4c5f785e95fe4b4ddc6f9eb71516034bcbb8180900,2022-08-14T23:10:18.070+0000,BRL,35.653245933102376
fdbe6e0bf4d60d137b8e621a43f0fbdb754ec4c867d64b4823241e15aefc8c13,2022-08-15T22:54:27.416+0000,USD,58.81689356574585
80c9011d8a9ca3a077d9dfea4e4ad003f038d8a2bb95d6a4381fbb3ebb274d2a,2022-08-17T19:57:36.970+0000,CAD,4.22142951696377
03e48a758faa4c938618945128e52bca0f982ebe0a76c2a8a0c3e017016fce53,2022-08-06T17:20:21.474+0000,CLP,136.04037381019575
7d15d91e45e204a72d5aeb7e830f9c47367e27c82f2c64d1e56637c46be5b486,2022-08-05T04:59:14.069+0000,GBP,90.6935825401305
f38393dfed4d065c372553899cf7956e3918b54b55ac6a1f1a4bf188ec83da5a,2022-08-09T20:36:12.749+0000,EUR,116.1854397657712
e3ba746909b7682c10ccd4740be8749213595687c4ad01bab758042cab69bab5,2022-08-04T14:41:22.419+0000,CAD,17.171708646539248
94019f9c0887eeca249e847da8f5f66b97223eae28a28bc672ad3a9338e9f764,2022-08-04T03:01:02.897+0000,INR,1.3810822423059865
63dcba44ba3dd4e5f648ac12aa2074c1973065b2bfce471d1f724d361ee1b6bc,2022-08-09T10:38:38.476+0000,EUR,75.6158045194678
5ac9af7e5bf05a5a9cf6a48da3e1d7a1baa7c52d2333e7551bebe8ec4a6ef3f4,2022-08-08T10:29:34.368+0000,USD,113.4237067792017
ae87b028a958bdd75d0e87d03338375b4fa9c65e302a6e26562c5233a3048462,2022-08-21T02:21:11.147+0000,ARS,68.37377882055307
81adc8fa1a297c2a23dc36184af0f2eedc03ee612f94f4ff7295b178d2cb215c,2022-08-24T16:31:03.259+0000,INR,5.723902882179749
f5a118b7c59889b53e06f208785b1c319a347a8c4413bcdba8ccdcf474269c30,2022-08-11T16:12:04.704+0000,EUR,45.58251921370204
82059b519abaf0c59e24c6691d1816b4822861d12891ec66f81668d7222407c3,2022-08-14T03:02:09.554+0000,BRL,10.946670869346725
4a81fb4951db51a7e6f7b509e7d70d83837752274f5589a3e99ba4fd4ca22d62,2022-08-11T18:47:07.285+0000,INR,6.8611453559472295
3ce5ac2c1de11019a48cbde77e16320cd5b48fff0c2c9e143beeac3116ee01da,2022-08-04T16:17:51.578+0000,PLN,6.729773635722037
2062cda12badd34860768aa8b85767a229dc475b14965e2a962482e251bb6aff,2022-08-05T06:20:42.699+0000,JPY,81.25635498943724
b97f2c9faf7d25354c710a9b8212cac09b1a55bb0c6be85f90f6e879465d6592,2022-08-06T00:24:36.790+0000,PLN,3.6488902897822415
16884dae823827777bedcf3565298a936826bfec6df101916496b8e92a63e058,2022-08-13T21:21:08.941+0000,CLP,2.905720625493302
80b3de3afd815b28d34cc4087550290942465b9ac1c6527f9287355dc78f9da9,2022-08-13T05:29:27.439+0000,ARS,20.69874768211657
e8eb4f046c4c068dabac46f93c27bce91739872ff04d0172ea40412e8a1786a4,2022-08-09T17:22:41.396+0000,MXN,9.052361414433403
0342a1bced6f35832a79766a1ca59663522e59082d64dd45b6928aac19e66669,2022-08-12T15:51:01.752+0000,ARS,47.508947999237066
4189b743856862c7246053afa62d033535010b3368eeaa85430f39247b28f753,2022-08-19T05:55:09.202+0000,EUR,109.55171339268452
8fc8a2d4f9173479066fc0deb5013b0cbb4508529b14220414524c93a9595725,2022-08-11T20:19:00.491+0000,CAD,49.598975556233825
89104c89e01bc6e725801b1a0110dc5fb7726ab5f4607756661f2c92e406f6fb,2022-08-17T07:04:41.815+0000,ARS,49.42331729318924
025e442f2ea160a4586a4949392b97f1c2e750a83ec76800a9eaa92940f6e193,2022-08-29T22:58:55.416+0000,EUR,107.94568528648428
5a3e9313c947de79005dc8be393f40d97f111309058f45ac5f6784c877a36aef,2022-08-15T13:00:52.476+0000,USD,16.47443909772975
2ee328b02e489388b0aefbc1f3720a42e7cd355a5fad40c24ebd2f52d2ae56ec,2022-08-27T14:44:13.630+0000,USD,49.17429839954222
6c41d6ee127f95d25ba31307a46acb0c6d394b8a818293aeab3bebd86f678105,2022-08-24T22:22:57.252+0000,USD,1.8020183194031036
35c242e493138daec99fa76e6f25acf23ce72ba272b25c63ead66813affef37c,2022-08-19T03:31:11.890+0000,USD,41.33906432528847
44797ec531c9cafc716cfc064b20daf7777614db2b259222062f4e6e164a5d83,2022-08-19T20:32:49.429+0000,EUR,77.75229151530118
916e3faf9268e57444f8ad38bd4045bc1c48b3c50cfaafa471607e58ee7a8573,2022-08-16T16:24:17.065+0000,BRL,48.411857277439275
d5e00a0795fa5e6ca0fd24518bdb80a7e170c625f7fa6012ded7c17efb13ee86,2022-08-27T17:29:18.829+0000,COP,19.53046744188336
c3284e20bc3664eb6da3743cf2c66d904178fa63c87da616e3f7768ec1c0da59,2022-08-31T05:28:24.184+0000,EUR,45.73465025519295
6efa8a6868192df386e824a7159fff1caa4a80be001892095b4a30f06d033162,2022-08-23T05:36:09.611+0000,EUR,24.01939170496206
0b45dd292dfaf980157a14276ba68edec32adffa0521bb7a37691a72891a1407,2022-08-17T07:36:08.957+0000,MXN,87.95150858447242
256a6826fc007c33a8dcb32c5c608615bf7c5d6e920c272007b938a92cb733ce,2022-08-13T09:39:04.080+0000,CLP,68.60197538278943
b28602b476c342076c2b1f42f989d68a92cb90da8ed0f55844bdd1c28905f0ce,2022-08-13T09:06:19.967+0000,BRL,20.99111376100525
d95944b4899d30136418535970d7ce464fd88ed7c3933bbbec55deb851bcfcbe,2022-08-16T23:02:32.600+0000,CLP,31.16846028133329
07522f6a5a4c3d4173f9efe6af2c60b1a03fb65322b82b34f9abe8ab9a8b5420,2022-08-15T08:00:46.709+0000,PLN,46.761975627170585
63ecd2afe8eed4c7b173625d9faed97273c8e5cb5ea9c8d53db3f5e9d667b39d,2022-08-24T08:42:57.099+0000,ARS,47.58388837929592
4879a24e84affbb8383c3db5baaabff6a5f772d4944fb5f9dbf05fbef0a6e768,2022-08-29T11:28:47.882+0000,BRL,17.21696914494446
3e801f9e657c3c266844c01d49801aef646ad157f27fc29c50bc31ed939e7300,2022-08-13T14:14:48.589+0000,CAD,19.312644997170842
dcab09d186e99a0453f2a16b40f63a332b3db93e99db624e4de9b16c23f15822,2022-08-21T01:23:46.651+0000,GBP,78.95483738541098
ba58f8ca4d5a3162069ea98cd9f580da008e191711d2da4497b2930fba647a04,2022-08-21T04:30:21.081+0000,BRL,36.40174936376283
760f28f14e19362d7dd4137feb76a7f90f9d1e7775e4c2b2e48bc9e8b2f6b432,2022-08-10T22:04:35.257+0000,MXN,72.80349872752566
17e063ace4fc4b3950c499df839aa3c9ac9460a7abfe2fd130c90296885432ee,2022-08-07T12:42:37.663+0000,JPY,42.09386945821776
4189b743856862c7246053afa62d033535010b3368eeaa85430f39247b28f753,2022-08-23T22:05:01.030+0000,EUR,45.156653508498145
09023a3c0b160f0052b650311a21a9473362882cb11ce6be8dcb4385f6765cf7,2022-08-14T04:50:19.546+0000,INR,88.92704195380523
607438ccc2565d28226e73a5658596982f5c6872b57364f73891a840b1d81bda,2022-08-12T13:38:39.478+0000,CLP,15.052217836166049
73660dd409ab2fa775248cb67fbc2b3e17d6e1f239ae503bf2989433610be84a,2022-08-07T01:55:05.663+0000,CAD,61.825332254013006
6a3116aeb05bb9ad9b733ecabe160c56c7f29aa2d25504c2817bbd8ef2efeb4e,2022-08-13T03:54:00.884+0000,CAD,52.63655825694066
ff69a0b1a4105cd01dda9aa7afe98f1a49fff5ff59a4fe93a5664a379a52b335,2022-08-02T20:56:57.478+0000,GBP,84.18773891643552
86464c20766ddef0ef3fb77cb49f2b921dfc7abcd66e6eccc7f4f8dda40a3a81,2022-08-12T20:32:17.466+0000,GBP,18.50063321252079
fde95f2e6cf198b6895aeea84666665dc0488abdb8b8116d5938eaad45c17265,2022-08-27T17:58:56.908+0000,MXN,35.11997994294574
6b37a1837e920932a1b7506296d9fd3de461969a37c49937374d235334e2b361,2022-08-12T02:40:28.677+0000,CLP,8.702016739112617
e690e4751509bdb6c9cd821bf8ea2ed3df812cc3835a88d4c4d76973fc651e06,2022-08-04T12:31:07.022+0000,BRL,27.12464939717823
64baf0a7153682b504df197547118ee2c2dd9d35960328cb61bbbc8b3c2cbbd3,2022-08-24T16:03:50.936+0000,CAD,41.216888169342006
c4f451f951adeb13065b5358c89f4e0266831bbe3655f40e95b501c1713a3575,2022-08-20T23:19:16.724+0000,COP,108.22355385348396
ee0ca27b5ea29229c13d25bc810a590bce1bb6d2e9607bb57852a06acc60ea3f,2022-08-22T09:00:40.180+0000,PLN,36.074517951161326
e6fb890f4c48ac48c1ac6f6aa72d0ad25064092693b7e57d8819c840a465dfee,2022-08-30T07:14:44.176+0000,CAD,7.835686691722998
92d63e256e3d992ccc0d1dd290e50931f3b30044fa682d0d0d16295830880234,2022-08-09T07:59:17.151+0000,USD,40.054278655642776
7ee9d43f0151383ffd4d8e0d05e07cdec4f3d726d4f62771af70644ef057d2e9,2022-08-08T06:03:19.629+0000,EUR,22.150550100814627
6efa8a6868192df386e824a7159fff1caa4a80be001892095b4a30f06d033162,2022-08-10T09:40:38.596+0000,ARS,33.144335439291105
24755b094e6a561547ac10e2d89681b6f96dcb663d369def1df1c4efdaed736c,2022-08-06T19:23:49.498+0000,USD,7.484601122984841
4130144583cb9e0321d44a6a0925003301fc759a2bf28adee954cd4729d5681e,2022-08-13T03:27:43.923+0000,ZAR,112.2249133763725
e81d3c527aacd377fdcb2e1cfce60239c151cf854ee6d1707e04283432a1cef4,2022-08-05T14:15:17.960+0000,USD,56.164788266539
9d5f9d679a2ad1244a341a1d10c37dfffb6ce29fbc2c7c190a8a1fd125122f48,2022-08-15T13:13:35.736+0000,JPY,66.28867087858221
0cd58a9f8437e69f65770ae1a3a79f0fb728f6f95d882c2f81bb89d0f3bf6da7,2022-08-18T12:36:09.234+0000,CLP,32.04449593711093
e1173a86b47d83a5ff66f451ac37400c1831ef7638c8d46c42cbafae150375ea,2022-08-10T14:37:19.429+0000,EUR,5.371499872858809
db8d2513bf8f9432993c357f18a80b0ac59c3db4ca65457be9d196b00c158e36,2022-08-12T00:05:06.705+0000,JPY,16.955056682574423
dc5661fc2cd07b6c4a03938066f44251691c93ce62f9fe4aa20d6726168ffaa8,2022-08-23T09:39:15.469+0000,EUR,15.037278265767796
89104c89e01bc6e725801b1a0110dc5fb7726ab5f4607756661f2c92e406f6fb,2022-08-13T00:04:21.593+0000,INR,19.968645441679637
4189b743856862c7246053afa62d033535010b3368eeaa85430f39247b28f753,2022-08-17T05:12:30.199+0000,COP,22.101946135766536
d949e5fb29d4d77c9638dcf90aeb47bcbc442bac77845f7034ef87c84e405d4a,2022-08-21T16:04:42.103+0000,PLN,49.76302161311078
1778c489b7fc2dc2556789c9fcad35276a48acca74b34ee94792606f0ccc5c64,2022-08-27T02:57:22.522+0000,CAD,35.45700397562779
48eab1c50c93466badc5330cb9d72b650b6573a2b79334d8444fe64f44f4e8da,2022-08-16T16:02:59.964+0000,ARS,99.52604322622156
3afa81a5db9dfcef898d3a4ad1904a36c7ca0ff526d28b515908a731163d1cdb,2022-08-10T11:43:31.205+0000,CLP,10.965053621829318
7ed7ab78455ef079ce53afd70d2086abc41f4f396da5973cda6e61c1cb10202c,2022-08-23T08:33:13.354+0000,JPY,106.37101192688338
eae28624999e920e4d39d438b60306b20d132cd413bf461578935cc779cbf5af,2022-08-16T04:32:38.427+0000,EUR,51.7773412871528
42ead3a559f0d8a563a56e5767a6df5ce22a451d527d889b0fa4f603e015a9fe,2022-08-16T21:14:21.515+0000,CLP,11.613269903714274
4a782f35b3c28906b30c865d0d5e1cc140ed247a62e153cf45e6968736217b65,2022-08-22T20:45:37.558+0000,USD,38.07376787452245
e8e34dc4c09c3086e2fd14ee81b6f4eb345572ba03324409ffa70fd9bfe76a56,2022-08-25T15:07:15.390+0000,ARS,30.987161260851458
8c5bf3b7d39ce62bce3562a69a76ba723e3e75702042d3bd307089422285746d,2022-08-19T18:08:07.213+0000,PLN,60.63404016414668
9aca552bc0db625caa91bc467cd23a844af655b74726616a5a71093106ed0c4c,2022-08-21T22:09:10.888+0000,EUR,61.974322521702916
7b6cb3e375689f1a418fc7770eefde9538d93ed01c0e558590d56bbd03fa856a,2022-08-22T03:39:22.200+0000,CAD,38.59292462739315
003226756c9a696f6bec8342d4c6218922e293dbcf3f98502c4053a0448ff5ae,2022-08-28T21:29:14.003+0000,ZAR,112.07007773556633
14f5936ebb27a41615f95af498ed68d73cd2035cf6f31df18a989d8db0d02fc0,2022-08-18T00:37:23.253+0000,PLN,32.657274430721706
723f16cd5b5ee46797dad9f552ffe2c77d341251b3599103e92c986ecf9affb9,2022-08-29T04:17:37.288+0000,PLN,41.261304754907094
45bd30929f806b816f98f9a3d8b2c3ff64f1301f03d9c9fec18d07b3d4ed7032,2022-08-24T01:39:07.699+0000,EUR,65.31454886144341
d1162c195ac7219ca58fe2941e0cd061a12e40b090ca21e39e04217929e23e33,2022-08-20T03:29:19.559+0000,CAD,121.73355703739487
3e19613271b53e9a10466c1e6a1eb746e05f7440711b0648d33ea5118a8dd078,2022-08-24T14:31:21.765+0000,BRL,45.51746526927813
ba6fe2a73d050e8bb485b16e6c9c42e2b3d0b941f2a02c827d3c3521a7483eb3,2022-08-19T16:12:31.966+0000,ARS,21.840335865655675
85388605009fe4e9134365931944dbc7d6290fad13920825e7ae64a94a04a9c7,2022-08-31T12:28:09.443+0000,INR,123.78391426472128
7d1de2ac9bdab1b9cf3f85f8c30eaf42118b754e87eee4bac08d90c685d11ede,2022-08-28T05:00:35.680+0000,GBP,58.771615773993155
6c41d6ee127f95d25ba31307a46acb0c6d394b8a818293aeab3bebd86f678105,2022-08-27T09:37:19.452+0000,CLP,13.665178034231046
9b4fc8624c77115ce6ea8c62c24fd00228074c181ce2bb2824b895dfba33c8a4,2022-08-29T03:20:51.845+0000,BRL,23.725070968077492
6b295c80d3245f5360988df58a5881ca69341290bfbea727483bd00f47b954d5,2022-08-25T16:02:23.930+0000,GBP,12.190151178590785
140608f82abbd33f9b1dee15946ab6a01875b0002155db3cb44b16ea0f09dd6b,2022-08-28T16:21:27.469+0000,CLP,47.450141936154985
3392e529c5480413b8282b8069fe441ee179aeffe5f2c5602f616924558c3eb9,2022-08-18T21:47:20.359+0000,JPY,47.34696047620562
7b6cb3e375689f1a418fc7770eefde9538d93ed01c0e558590d56bbd03fa856a,2022-08-23T00:18:14.731+0000,CAD,88.44810880127773
03ef14ea1f5cab5c73b5bb694ec38aaf254ea5a87302bf05cac1a5301a689628,2022-08-22T13:59:57.281+0000,MXN,4.729350196515969
569c7e37939a7c62181b9f3055b437a3a0648ccfdca32579e85bbc8cc7eb99b8,2022-08-22T11:47:37.042+0000,CAD,45.605056416874625
c9864f034aaac982c809c1f8b8bd487d42f68c6d1e306935507ae3580339c57a,2022-08-08T22:50:26.935+0000,INR,11.907587759020727
7af945e48486e4329f03d7019229ef734df4940c6a79d2c8cd73f543a7ceb983,2022-08-30T01:41:10.908+0000,EUR,58.89696460314164
17c565da1a5178b496965bbfd3426dd17e31ce71c96b5a5ce51f6246f1b3a79f,2022-08-19T06:47:19.014+0000,CLP,47.119069154231696
6c41d6ee127f95d25ba31307a46acb0c6d394b8a818293aeab3bebd86f678105,2022-08-22T12:50:23.898+0000,EUR,34.15306619593111
63ecd2afe8eed4c7b173625d9faed97273c8e5cb5ea9c8d53db3f5e9d667b39d,2022-08-27T18:22:23.427+0000,MXN,15.83628566972588
7b6cb3e375689f1a418fc7770eefde9538d93ed01c0e558590d56bbd03fa856a,2022-08-17T04:41:03.953+0000,MXN,31.67257133945176
fbd5ef6e1e7f1d5b8939535cd43a250d4db5580a2aad7b165db005391f84c036,2022-08-24T03:40:52.299+0000,CLP,11.498342256552368
57c24fdab73d978f38d4cf94ea57de63b6e53e52d8a57def5608e2e428e8eb54,2022-08-24T12:17:04.697+0000,CLP,137.360564174023
4cd091512d3a4c5eb2d78ee8144cf2ae3e5150ac98b9960396e6c0f70b9f752e,2022-08-15T12:34:05.717+0000,ZAR,36.711209020320126
44633879a835294aacc430771a6bb957be54c1da37164eeb0ea94feb65539e25,2022-08-17T09:29:16.569+0000,INR,87.34817627269813
e28983d4e5ab9fcb99a8f9a02481a9d686c6d1dd0c1c1d3ae93f7a50bed62aed,2022-08-10T01:38:25.322+0000,COP,44.6842215235215
e171578b7c320d94814dcbb3072f688463389ee6d8d8a8bb33edc0dd54eb98fb,2022-08-14T23:35:57.248+0000,EUR,10.377028699968093
390a496623587818a0e2494fa2a839359159a74fa99c3feb243da16657c49e91,2022-08-11T06:32:56.393+0000,CAD,36.61612752139267
5d84272203fd0d2303a3c0761a893a31bf78cf67b0c970bf27357c32171fdc3d,2022-08-06T23:22:00.239+0000,ARS,109.49506719122861
e28983d4e5ab9fcb99a8f9a02481a9d686c6d1dd0c1c1d3ae93f7a50bed62aed,2022-08-09T14:22:35.921+0000,EUR,16.52770150892813
a4a8215edd15e7ad6230acc10534704b5263b97845d6fc83523576a6118a6656,2022-08-27T15:07:56.682+0000,ZAR,33.05540301785626
390a496623587818a0e2494fa2a839359159a74fa99c3feb243da16657c49e91,2022-08-06T04:08:41.076+0000,BRL,49.16798901788316
1a8cd43f999961cc16e64ed32e578a75ccf61103211dbd6f6192b73c4298bc63,2022-08-30T16:01:42.996+0000,ZAR,147.50396705364946
723f16cd5b5ee46797dad9f552ffe2c77d341251b3599103e92c986ecf9affb9,2022-08-28T17:24:53.946+0000,EUR,15.703613314854953
2a2cf18f6e86ebd82f346be469f0f13bda2cee83ac0ef7502c78c23829e755cc,2022-08-12T14:45:29.035+0000,ARS,45.869421376795735
db8d2513bf8f9432993c357f18a80b0ac59c3db4ca65457be9d196b00c158e36,2022-08-09T05:21:52.929+0000,INR,73.35990470838244
0cd58a9f8437e69f65770ae1a3a79f0fb728f6f95d882c2f81bb89d0f3bf6da7,2022-08-26T17:31:42.018+0000,USD,38.5547995376345
89104c89e01bc6e725801b1a0110dc5fb7726ab5f4607756661f2c92e406f6fb,2022-08-14T01:18:36.585+0000,MXN,90.15414051092557
a00ea0130226fc645561bb9876cb5551cf5ed590ed43a9c732ab89e5cbe4cd48,2022-08-14T04:35:40.846+0000,JPY,20.301275843328924
9f9888bb12b53f1d356c202458257bdc5f32e9649d0bdbad19034b8f16111573,2022-08-24T16:05:07.161+0000,INR,60.102760340617046
db8d2513bf8f9432993c357f18a80b0ac59c3db4ca65457be9d196b00c158e36,2022-08-07T10:28:58.759+0000,PLN,2.9029814792697395
0cd58a9f8437e69f65770ae1a3a79f0fb728f6f95d882c2f81bb89d0f3bf6da7,2022-08-17T08:39:37.073+0000,BRL,1.4514907396348697
9492884c07334c493b23dd938c7df28d6aba2f4b66246a8929876bdd48e39e3f,2022-08-18T12:15:44.671+0000,PLN,134.6936159209542
8da4aeb8f3b6906da0f22dc657a74ffd07177b124ca15539165cacea8c70eaf3,2022-08-18T16:39:39.998+0000,CLP,44.490769111483544
89eba7b50e8e1f78e4653bd9245b7c86e57f1cb466b690f10a2c6ea4284cd258,2022-08-29T06:11:06.833+0000,CAD,92.45075379201216
dc678f12e9bb796165131f542c6acd8ff96e664169679a6273c859ea0bba8aea,2022-08-30T08:54:53.324+0000,CAD,43.6887222777328
2c2b3765e2525c28c3fbd7e95781504d6e73e119ed0c18b6ec4be99f54c0e8f5,2022-08-17T12:00:33.630+0000,USD,133.1036312266112
3392e529c5480413b8282b8069fe441ee179aeffe5f2c5602f616924558c3eb9,2022-08-17T17:37:51.691+0000,BRL,32.067295642813214
b14dd38fe873386e0d589270ace04a305be029e1e1fcae03cb16db37591c72f8,2022-08-22T13:09:50.924+0000,EUR,69.39951560182418
7b718f5b3daa1c090f25e0fdc8981ea45a5c3c40ff504a8c563015693f7eccd1,2022-08-23T10:06:08.163+0000,EUR,46.26634373454945
a94f22a181ea376647db53d0368027cbb39cd2cf8c3e95d892141e9ead514195,2022-08-21T10:58:15.382+0000,EUR,131.95663648436192
f5a118b7c59889b53e06f208785b1c319a347a8c4413bcdba8ccdcf474269c30,2022-08-17T04:23:08.566+0000,COP,76.14579866381679
1c4261eb6344346e579eef144b4f10db40924876ebf1348754ea19220c8fe41e,2022-08-23T07:37:22.500+0000,INR,23.104903928095254
49c8b9473f8ad0c03496aa92946739e18d2e385fb566fce4eb604db87829e170,2022-08-31T08:06:50.124+0000,CLP,100.81976908249875
68ce22c480ebfc08868a316b738f5d00569b853e5207d05c154b50e931b95017,2022-08-12T18:06:49.433+0000,MXN,140.47423065753287
85388605009fe4e9134365931944dbc7d6290fad13920825e7ae64a94a04a9c7,2022-08-24T18:51:18.282+0000,CAD,37.7398018567949
723f16cd5b5ee46797dad9f552ffe2c77d341251b3599103e92c986ecf9affb9,2022-08-30T13:02:50.222+0000,COP,21.74500855087548
8839f5f5c12fb58dbf35406cc72d3ddc7848cbe650addbbe80811b3e5ff83c2c,2022-08-29T12:22:13.673+0000,COP,11.682064363643441
4189b743856862c7246053afa62d033535010b3368eeaa85430f39247b28f753,2022-08-20T23:04:32.916+0000,CLP,59.43149035144402
b97ffba072f4a51dbf6cbec650f1027208b616c4454b8ff1c2dbb07c81ff24e3,2022-08-21T03:07:49.701+0000,MXN,0.4334500522360729
a088b9a04ad7d38c3f7a42bf12e90b149b8a519af1592d631b54b65f484b0c62,2022-08-28T20:06:42.632+0000,INR,9.430870463645235
4b5d94d78949b443432dd68ec809d73ac16ba6c3a305067c88cd7f328a1cd3ad,2022-09-06T07:35:46.181+0000,COP,30.959468511265047
6ad3336f94ace05739bffcaf95f151ec3f3a24ad4e6e23be4d54bef649e058b7,2022-09-19T17:57:55.900+0000,EUR,92.87840553379515
ae32a2c5efc3122425d1e3c2dad66d844899e7a1a889db048fa637fb9f9a6b97,2022-09-01T16:01:22.449+0000,ARS,61.918937022530095
efa473c95398eaed53b1e2f053e2bffafa1d72ecf1b11f418dd6469a5d66ea67,2022-09-11T02:02:52.800+0000,COP,76.44028263669722
f7398dbeef764fabc0ac0793e743474a524d69ab79f6b7905a5cafde95ad4d46,2022-09-07T00:48:07.414+0000,ARS,124.87889083307286
735edf66f9beccc69eb328cd883a355d26532231f846be3bf7550727f3475627,2022-09-07T14:09:30.429+0000,USD,41.62629694435762
9b4fc8624c77115ce6ea8c62c24fd00228074c181ce2bb2824b895dfba33c8a4,2022-09-02T23:25:44.830+0000,BRL,13.161404520586178
e6fb890f4c48ac48c1ac6f6aa72d0ad25064092693b7e57d8819c840a465dfee,2022-09-04T17:55:52.575+0000,CLP,67.02867696264136
f80e880b22e727c72ac21cd0bc6f2d6013790d53db606e736134673cf5b34233,2022-09-06T12:39:52.314+0000,BRL,99.91441647585968
a024fafbfe2d8b5b0eec51014d1c293c76e9e44856a190a26722eb7f84bbd8c2,2022-09-11T20:35:03.811+0000,USD,77.5992531869194
bd9b479804ad3f79c72c2f30a06f36ff3b9da7f8de30acc7b720cf5fcad3f4dd,2022-09-07T14:56:49.725+0000,USD,10.489850592418753
0ddb1bb7fa098c1d7ea60eb86e39db9a82101253881af8da9b0213c30f756423,2022-09-07T05:48:53.694+0000,MXN,145.4504341623949
c4d097251f75fd60efbab48d99f6fb118dc3aed7b21b87587ba1fc05444c52da,2022-09-03T03:29:30.261+0000,ZAR,96.96695610826328
9ac599f7da2b354ac87543b9bd993ac7fbf254e00d313752fcf84261f5b9079e,2022-09-08T16:23:33.275+0000,PLN,49.95720823792984
e1e19b7f8a55c4e86a9b09b0ec04c0011ff83e028a69b516d22e8cf920d4e66d,2022-09-10T06:38:14.206+0000,GBP,119.39363426891809
ac83d1b62def2a1215312050c011841034ebfc9601f924b6891298585f43fda2,2022-09-10T02:31:36.775+0000,INR,67.2637587604977
2cd230076111bf3128db37a9ebe3a3a8ddb303c89448e903df57c85fbd137e79,2022-09-09T00:14:46.041+0000,GBP,55.86170794207896
a99c4eb85345543c284e76ee3d680fe4d6e2ab3c9985421253565bb995019ad3,2022-09-08T02:16:11.945+0000,COP,39.79787808963937
6b675e4963ae844d9b08975afffe82f6d6af419b046cbff821ba1649a2c1068d,2022-09-05T15:28:49.043+0000,CLP,112.19336104080672
13835fdc99bdb16e9f6135c9f48dda2eca32459963d2b8b1c65b8cf4f4b17f01,2022-09-13T01:31:19.215+0000,CLP,120.26298641788341
d6e5e71777b4c8848fd224dae35e9b5c50e65433ee6c4e4abe0e4c52ce25a2d3,2022-09-09T21:31:47.874+0000,EUR,80.17532427858895
8200b7116802341e299b2785f261632b27206c0700155206a0a3464b4a3d9bd8,2022-09-27T22:31:37.655+0000,EUR,32.827764749961595
cf501753696458681be7d4b9c1273668547a87727700e1eace5b78f621139767,2022-09-08T22:45:39.794+0000,GBP,98.48329424988479
625a881ea8f8e14b8d360d1f14c2f4b548b9e0ff0db720503704cbe7356404be,2022-09-30T03:07:02.771+0000,BRL,25.15595782593636
e1b853d5644669e817eb1fb1454f99e399e682091f430c442d5bc0bb4f3483ec,2022-09-14T14:43:37.327+0000,BRL,20.73428376111074
f7b23554c02c30e27086e5faf11c0923f21d053cd680d016f9e2b344f6f91189,2022-09-21T18:39:29.001+0000,JPY,37.73393673890454
011b23717f40d949d7e431bca3c3c1589242b6ae8bedfa3c759587380fecfd0e,2022-09-19T05:44:29.680+0000,MXN,85.05582285081455
874d0288728b92c683f717a7390b8bdc453986e474e2a85b1f13a77a75a35b83,2022-09-13T00:52:55.891+0000,CAD,81.84715436384177
ecc5a8cad5ae84b7b612efd0ff47d0d9e37a97ebcab91c007298f1ce31c862d1,2022-09-11T05:26:45.166+0000,EUR,75.55506990689408
c1f0c2c5c60f029dfdf9d8fb5e085eb2584c9dfad7d716b62043ef783db02f87,2022-09-16T20:53:52.212+0000,CLP,34.38046953870189
aba11e357ec57b19aa6a557dc65ffa8360458b8c055039c4c80733825e291f96,2022-09-25T13:34:01.923+0000,EUR,42.527911425407275
4982d7254b745d20d7afcc57ad59a2436baf621212c21eb58ed266c32f7ea087,2022-09-02T02:03:49.527+0000,PLN,127.58373427622182
68297ad3d21ddab10ec50219dcfba7d83f70a19b731e484c1fb1b5945ed56112,2022-10-03T04:28:58.747+0000,EUR,122.77073154576266
5062f440706bc5a68f155b55cccca0732be178273769da06bd22c14419e029a8,2022-09-15T08:49:33.616+0000,EUR,60.88087252200041
9d313d2c6d89b1e4e4a48e96a8db28dfdbf17289800ac685ce17950d96533f1a,2022-09-16T21:56:13.681+0000,EUR,113.33260486034112
6460d4f7ed556c2e53e34bb0bac54f0cc8a3bf0207af910143e59455caddc0ba,2022-09-20T04:05:20.541+0000,MXN,51.570704308052825
30da8aa831be63a792208af07ac23b2fd5dc73d4210232f08205058eadc61bed,2022-09-18T11:32:52.164+0000,CLP,40.923577181920884
307b06ba331d8a8f376027e242ce098db70c05feae4e4b5a1a7087e8689b048a,2022-09-08T16:12:45.928+0000,EUR,70.9512252698059
0e43ea891aaadf605609d8fa4c822e32a28d695b5f94cbe90d184d06b102f16d,2022-09-16T19:36:33.947+0000,PLN,5.459932883254726
01c88c2c6527162087104528f2d61e089ca02e99d0b9914ccc3d52a017ef9e52,2022-10-03T18:45:46.165+0000,EUR,83.63451490970934
126d75cc0fad27f2ee0653889716a442fd1079f569349a796b4633db3967f05a,2022-09-15T16:19:33.340+0000,COP,17.190234769350944
93b2c0dfb76641a9d082f88954338573ff8ed673345ae4ab11332e9ef126d185,2022-09-26T12:35:27.259+0000,BRL,6.476522637900317
9f3b98236079a89f12e614b1b232bf0174bd8b050235f6c8e4472fe87a638da3,2022-09-04T15:46:45.239+0000,GBP,79.46993123364817
a53fc2f37932eb4a62938cf26ce6055ab9ed185b2c91d1c62e1c6ea68d2f516a,2022-09-14T21:32:32.338+0000,INR,41.86749738068623
b2852fa00dede50e76296f510ade768e664921567eeb26216156fd53ae6f9045,2022-09-09T22:15:32.817+0000,GBP,74.63770360606422
c8eaf24cbe24c90b77cf6bd9d9aaca8c346337caf4c83fef86c9123d926ed77f,2022-09-05T03:22:49.869+0000,JPY,27.140710651938026
445e1655a34fed4ded27c8492c48fe71d80c64e4af2279f118383608458e3716,2022-09-10T09:08:23.500+0000,ARS,41.11955005852026
6e608be96f65b15876935b616b19c1d2c52b27bac3a152a155b80a592c716c9d,2022-09-10T00:31:30.203+0000,USD,27.41303337234684
c7dd33c857c7aafa46d66774d1e5930e0c987c73d6efded50ead0f76be29b1d1,2022-09-17T01:50:58.277+0000,USD,83.73499476137246
2f86f1de7b594e95abd3023dfe574bf6e655bb1e6f089cb6147cae600e8313d1,2022-09-11T15:47:17.008+0000,JPY,125.6024921420587
ada73b76782bd08eb5850f0b9e7ca5306a19d6ad5013190e323b2fb010f1b846,2022-09-15T04:20:35.091+0000,JPY,48.26175675569217
782583cee5882cdaec1fcfaf0052920472c8fc3803c6719e0f9d110a89153a83,2022-09-18T18:25:44.310+0000,CAD,24.589255141259848
2b2d881b23954b4c20cbe6007bbe91ac573e000ed8af227bc8f1223916baa754,2022-09-19T09:57:25.283+0000,INR,48.364434061665115
a11ad14c9d6336ea95c08eab5c9a7fad1b36600758c9cb44b4850a907f700dcc,2022-09-10T02:24:11.503+0000,CLP,96.52351351138434
1325582654d9fde68aab70d9b8e944df2ed62fbf4e3d4e4f4e9c69f98142422b,2022-10-03T05:36:08.741+0000,CLP,144.7852702670765
7d96cb8dfae01fbe9e5db530ed2ded9ad66518e901ce97fbeaf49941d49b4dd8,2022-09-17T04:34:45.021+0000,ZAR,145.09330218499537
90421c9a30a0ece5cf9ae8373363c8a7b5bc01504f089c1917b7aca1ace22b31,2022-09-10T04:12:08.616+0000,EUR,91.2233914172175
c3ccc0f9fd82b501258943123bb1d291365448a054a1d4b950db96d7adb65464,2022-09-02T16:18:33.805+0000,JPY,22.12327843512678
13d27f9552f3519bd8fe6c4bf0990e7a9f7f332885ab439b85b28cc7a1ecb483,2022-09-25T02:51:30.043+0000,USD,4.957695860586431
870258e10c64bd559329a59481b0e3f81f803e07e853b1295af22ee36c31df0e,2022-09-04T17:41:36.026+0000,GBP,67.64067824683724
2b2d881b23954b4c20cbe6007bbe91ac573e000ed8af227bc8f1223916baa754,2022-09-18T12:17:04.153+0000,MXN,35.48682426143574
fd82563a5ee9f54ee311b0f34c8b129ac2ec0e65ddcb983c61567debf2ea6072,2022-10-08T05:07:10.707+0000,EUR,117.01107993408625
707610ca97ebc6ec395615fc4e8c2f8c89d668bd46bddeb61c3fd9e05d7a6474,2022-09-19T15:15:05.702+0000,COP,4.01060051090526
df67e3b08cd400b10d840104786b372712fd0132587c6a4e24fe0715eed420d3,2022-09-10T18:12:42.864+0000,CAD,6.207800058700331
5062f440706bc5a68f155b55cccca0732be178273769da06bd22c14419e029a8,2022-09-12T18:30:38.137+0000,EUR,67.12601471691363
9d313d2c6d89b1e4e4a48e96a8db28dfdbf17289800ac685ce17950d96533f1a,2022-09-13T13:35:49.626+0000,BRL,100.68902207537045
ce2876fd29e09e1b23aea7d529573aa57251f5dce52518bd15be038878a2f628,2022-09-21T12:11:02.582+0000,COP,33.563007358456815
00e19f10c272ecd86ef1e804cb269cdd44c5c0137f1f2dfd9b95d1dbebe8a685,2022-10-05T19:01:16.796+0000,BRL,7.8161837236230935
020e24ebe3f86f4e3bac1417b479133935602230944928fb283f8e0527457020,2022-09-30T06:47:32.012+0000,JPY,15.632367447246187
7caff67c75b06aa9ad2c8ccb111a650615581773e6d8ac11532158edbb6234e2,2022-10-07T10:35:36.264+0000,EUR,19.668220931990373
5092fad9d3e02afd8acd7f99df8c6d1569694e9c63bca1b3494f73a1ed8fec8e,2022-09-28T17:08:25.431+0000,EUR,40.9520616095846
661f386b1a5b1bd5e6f1e58ee2965ec3c12c67ae94301eeac43941a2e7400579,2022-09-12T07:25:05.626+0000,CAD,32.668158002550165
acc0a8b893a127ef818ab9ed295a7191ca530864ead0275fa18d86868f962a5f,2022-10-03T05:54:12.132+0000,JPY,81.9041232191692
e12caa247ccfa5fc901355635e92a7482c36ee0daf5bd002ebaedeb92d719b96,2022-09-30T06:05:21.861+0000,CAD,2.7997515629503034
fca42899c522c20476dbda169223d3f6ca060e19e6a413417a8b7b0fe2db452b,2022-10-04T15:02:20.690+0000,MXN,23.44855117086928
72ffbd82c6e3567eca60d90fac683fc26a3eeab95bbcab332140d00fda6fd9f4,2022-09-04T18:49:35.531+0000,CLP,10.545493917152148
910c2d4f03fd3a45a281076f923b45b0f2e1f5a916817afd1992a4d8a4938e35,2022-09-04T07:45:53.601+0000,INR,65.33631600510033
b7375714cec70781d656b38e329d6dd9925f002ff03614aa82305201fbf223b7,2022-10-05T04:37:02.641+0000,INR,21.090987834304297
778e922cde0d5d6a9a921de28046de2dd3ca3d8f2ae5c28676cf7a61c4496c60,2022-09-03T19:56:12.108+0000,JPY,31.06685659891349
f75ae50fe0364d8bee20099ef457a52565534f18f4e0bec414993a780f2faf14,2022-10-03T06:07:31.551+0000,EUR,122.85618482875378
9d313d2c6d89b1e4e4a48e96a8db28dfdbf17289800ac685ce17950d96533f1a,2022-09-15T13:40:23.329+0000,BRL,98.00447400765049
fc89028f8cac24b0a112f03b6b1e35e0a908bcc55e1b0c8c1861d6a1dc897333,2022-09-05T02:17:01.720+0000,CLP,31.636481751456447
a1c3b8a62094be0def3f3991647d28880e738f65bedcac3c71737381228d8ed1,2022-09-12T06:29:41.552+0000,ARS,46.34043716879153
4982d7254b745d20d7afcc57ad59a2436baf621212c21eb58ed266c32f7ea087,2022-09-05T22:40:51.366+0000,PLN,93.20056979674047
b249d5b4d860f1a74acfc8705584c5e816c313ae3d044e4603a717c26bb1d5b0,2022-09-07T21:49:47.893+0000,GBP,107.09717763062224
88e0f80bc9d7ae1e50151bd88f1f750ae216dc86d5e238a290e8aff5be23096a,2022-09-02T23:06:28.816+0000,EUR,80.3321647963501
5062f440706bc5a68f155b55cccca0732be178273769da06bd22c14419e029a8,2022-09-09T19:40:02.124+0000,PLN,33.177294259964505
9c159105012b4f236f663983205aa67a20ba2d467b32335e39644ecc3ca51a00,2022-09-11T21:33:40.644+0000,EUR,120.49824719452515
eab7954da76b98bed0c0c9917e6034c03b21fa1e13f1d05d64a36b83ab336a7c,2022-09-07T23:42:40.419+0000,PLN,139.0213115063746
ffc45e71ea0bed0641a2cbbcbb2ae46c6d5b9bfef967bfb03f0dade9b6f06859,2022-10-09T03:44:00.237+0000,ARS,122.75094253545106
0f01f1f9cd77bef3b185e06716907e3ba173978225348aae09699bad4faf8ddb,2022-09-30T15:33:36.181+0000,COP,6.522646791475628
46132a9e08b16b3e5553df1b4f86bd868120c4f2cd2d05c5e53bd99f4de825e0,2022-09-29T15:09:00.598+0000,GBP,39.53925555710613
5b19c8f8f86429d9ef984aca0339df0f948b3ec41ea111fc65a093b5296c6d50,2022-09-05T15:48:23.901+0000,INR,19.567940374426882
ee0cd2cbf7393b4fc46efa05bb2e85636e8e0eb9375fc395388aa3a39a354670,2022-09-07T19:10:56.447+0000,MXN,118.61776667131839
98e2378075b23f1cb626ddc924c4e05d5bf1de8b4558583687028b14815e0cae,2022-09-18T20:33:30.232+0000,ARS,38.74245773943327
429c6fd855dbfd3b1d0738afc8df15dbb6f052d61d82a237332a828710128750,2022-09-13T14:28:22.843+0000,GBP,81.83396169030071
72ffbd82c6e3567eca60d90fac683fc26a3eeab95bbcab332140d00fda6fd9f4,2022-09-12T07:44:39.570+0000,ARS,14.383714168931833
2b2d881b23954b4c20cbe6007bbe91ac573e000ed8af227bc8f1223916baa754,2022-09-22T06:01:34.521+0000,GBP,16.43037302885383
2f86f1de7b594e95abd3023dfe574bf6e655bb1e6f089cb6147cae600e8313d1,2022-09-17T04:57:10.466+0000,CLP,28.515613746687063
98042052eb1469633b6507862551190949f8abd20609f97cd54722343a088aef,2022-09-03T13:36:50.138+0000,COP,77.48491547886654
68ae7410066e1b2d9f70c4fc0ba9bcc5774beeb8a62fd7910f7d74ccb53f7051,2022-10-01T18:22:31.142+0000,JPY,45.46247579109233
126d75cc0fad27f2ee0653889716a442fd1079f569349a796b4633db3967f05a,2022-09-12T21:21:33.113+0000,USD,38.71153276740806
2eb40ef5489ccad75a280977ddc737fb8a1a8cbf7ad1a24997f42c1ec086c74f,2022-09-13T22:09:08.811+0000,EUR,46.233911999565294
0081508171ed2de400e6149af20b68503cab537d5efce3a0e3df30449be9c9e2,2022-09-12T14:23:56.901+0000,COP,116.13459830222418
603e20bba46afa4eb548e2988be5a24ac8a9ca698a5c690fcc085b3e817d09f9,2022-09-15T21:45:03.712+0000,INR,0.5944479370469713
ad448785a122af567c1f130d189e643ac75e352f25d871b231b6841fd5ded4c1,2022-09-11T06:50:21.821+0000,CAD,138.70173599869588
30da8aa831be63a792208af07ac23b2fd5dc73d4210232f08205058eadc61bed,2022-09-11T19:46:09.960+0000,EUR,18.98296370939456
7f9baf99084239cdf4582824e2f985054a73cc60b8f391df0cada86e28c19b88,2022-09-13T12:25:59.701+0000,COP,56.94889112818369
aa3ec4668fb39ce142946d01dfc03f4a53521b34d1ed7fb06f797ed24dcd8612,2022-09-05T23:48:02.168+0000,ZAR,26.88652142109611
2104134369f3ad592e7a3b8aa7650a6a5f5173ca96f9672ae64819aa3d5f33b2,2022-09-10T20:39:00.238+0000,JPY,19.29543739435582
9e89f7197246044907cb2dbfcc5de712875033d1314f0fbb3702b41a27f5cd3e,2022-09-03T07:17:43.165+0000,COP,24.056288494909932
e21f95423afec17afdf3d78da2d77e9b0d2fb49aba41355ad0ef9cd78de26540,2022-09-12T21:12:24.031+0000,ARS,77.42306553481612
c993329ef559eeec9ab88d740f54bd4d750eee4a8894d6a99dcd428230026e66,2022-09-10T21:03:28.200+0000,PLN,49.17520639212146
33cce67c89271c67a31904bf83fdff96fa9b743ad814e2fa7c4a22bbea18dc3e,2022-09-03T02:31:35.999+0000,GBP,92.46782399913059
c55d768e3d34f67641794b019a3193ce6ba87bc7c898708fb6b1a89b022cc97b,2022-09-20T00:41:11.992+0000,MXN,5.918001320327154
40f0ce61a7782ae6ac8a21414e3e4e97b5883263939c0dc1c3dcd4a5b55a0e1c,2022-09-05T21:54:41.711+0000,GBP,80.65956426328833
948dabea12b23da85f291eb5375cc83721eeec95849792f63f6296893098a477,2022-09-25T22:00:02.496+0000,EUR,57.88631218306746
f73b990b5404f5df54256247615cc17e25609605f93e8df3bb08ea741d0d711b,2022-09-25T13:36:33.406+0000,EUR,37.96592741878912
8778bb55c11d9a74fadef874445159bcbb207ca62ab8bcedce64186630dfb837,2022-09-01T17:05:57.056+0000,EUR,53.77304284219222
d936d5347823417fb853507d00d94c7c7760058c575c7ad2a44aa986dffe35bb,2022-09-04T02:10:49.556+0000,USD,47.79141395899225
88bc34ceb5d7e8fead159f2f5eac3a95e87078237c191484849e86b7bbc06938,2022-09-21T20:18:42.393+0000,GBP,14.228043476871493
1419b59cf0deff068e6c85e60e9a1a1bbac77bd2a2f64b360fee1aa4d0587a2c,2022-09-14T10:37:51.680+0000,INR,72.16886548472979
7b68f8a7d356898c285ef3674cbe3de416792f5c59b6bcfce251ef4f7a27a6b9,2022-09-22T13:50:26.433+0000,CAD,38.59087478871164
b38e9c3da2c15d0fc976f949b7e70b7f53779a9b1e54b1adcce953adde5e7671,2022-10-01T02:58:46.819+0000,JPY,28.268931395140882
ee0cd2cbf7393b4fc46efa05bb2e85636e8e0eb9375fc395388aa3a39a354670,2022-09-10T06:14:00.354+0000,ZAR,147.5256191763644
c04e6979eb8f349483993c0bd2924a927024c5129e6cf91f13e8d116a88ba095,2022-09-14T19:09:15.366+0000,CLP,98.35041278424292
c22261487fa64ef964718db0eccd8f54a0c7c8d110ce42baae77ddd2cd2b5668,2022-09-02T06:45:29.130+0000,PLN,95.5828279179845
28d532756c46a105adffe332ab502ed86749ddbd176bcafd74261b00d3f2beae,2022-10-04T00:46:47.883+0000,CAD,40.072447487447455
e0cfa6288ab60be8e3292bab6498e48a448c867d896e6697c5ceab7a36cbec35,2022-09-13T23:37:09.779+0000,CLP,56.537862790281764
360210f22063b921885ac76241b16bb21bed721daeef8e5ee6f5ab0c07bb42ce,2022-09-15T07:12:36.069+0000,MXN,143.37424187697675
f8f542d2970d018dbf010d4e2657f939d883f187c8017019bd54793e1f92bf8d,2022-09-05T01:24:43.634+0000,EUR,42.68413043061448
424aac4153285cbf91ab078ac399d83ffb7a7769d8c4fec7fa15b1a8fc8825cc,2022-10-04T04:27:10.383+0000,INR,98.20555109362566
b25a3dc60243b4fdfc455b591da52a41e0045e370b25f565ae93ffe75244333a,2022-09-23T15:57:04.993+0000,EUR,16.80027337271851
116e4f26c3c571f8af4becf081ba8835fb5f0e634cacfb3c4282ca71da968c4c,2022-09-21T03:05:02.354+0000,PLN,31.1359267868574
2fc6be5673f553fa537d19722eb91e45f8e75528381be02701210a4ba152881a,2022-09-26T08:17:51.789+0000,EUR,49.069248652181294
50e3a3501ab45b87293f58ce342e0124f9b67ef1ffcc1bc9ac865bd2e0c67b56,2022-10-02T02:14:04.247+0000,BRL,84.80679418542265
ee0d2a79a0a6bc68a505ecd7ad1b0ff5b9ddb0af031ffa6e22321b4e85bdedb4,2022-09-16T12:40:27.661+0000,MXN,19.576527646008635
8a5618427a4b688f7b55d3b8d4a95211f9933ebd97ec2a17adc08190d1deda5b,2022-09-12T00:13:57.597+0000,COP,127.47622053705837
8f5172198e8e2826ebc8248b67df4c631387d2ca13bcb8c7027a3ec65002b040,2022-09-03T17:27:39.710+0000,PLN,34.600179791516894
5e47c0b063660fd55843142a8c788c1b7041a4b4ca6b5561ab40e2c30f2fb80b,2022-09-13T00:28:48.171+0000,CAD,112.63167048279068
9034643702eee1de2219e6d45807994e6a005637d78781aebde517ba90e44916,2022-09-01T02:11:01.343+0000,EUR,41.998702674201716
d1b42d0610ad0e97dbc7a3d02de8ef558e11ddea644cbabede7eb1986d2f7316,2022-09-06T18:21:00.473+0000,MXN,84.98414702470558
976b46e64e5768329e59ede1c05a0a9b0f9bb558c0602737f0a541879ab9aea5,2022-09-09T12:50:27.673+0000,JPY,149.27265687152067
7efae4fe3302674b8ad994d614d1634d5eb940a0cf3947535e71ad7e869f256f,2022-09-12T13:24:04.483+0000,COP,66.47438917341364
28d532756c46a105adffe332ab502ed86749ddbd176bcafd74261b00d3f2beae,2022-10-07T03:56:30.563+0000,MXN,39.79771881108745
9c821fb3f197f6f187076cf5eece9e76917f26451a4996b5c9baa62ee311e602,2022-09-28T05:13:57.132+0000,BRL,37.42980605362118
5a7ea4e1d9c23f2d62647f8e44de783ff7dc674fda0ebb089f9ef8a7fea9bcae,2022-09-19T10:05:42.855+0000,EUR,27.96490899698491
68b8728f05485fce893abad12bf111d41c388069857de7e2eed8efb777ff0b05,2022-09-19T00:00:31.520+0000,ZAR,16.119945304616216
7b55dda5edbb3db4a076ac735d27180b37e66490f50b2236162494f97bdd8dc1,2022-09-18T15:39:44.060+0000,EUR,10.673383601356063
1ee4ec77c196eeddecb98476ca9a1c04d16c220d9aed82633fd4f5cddaebc1ce,2022-09-30T12:41:37.146+0000,EUR,79.5954376221749
82f7c97a45c30f8db6f1d43419986ae8c06ee5714335e484b4c3c2469baf0f14,2022-09-18T16:03:33.258+0000,CLP,26.390864067616647
b97ffba072f4a51dbf6cbec650f1027208b616c4454b8ff1c2dbb07c81ff24e3,2022-09-03T07:47:22.122+0000,ZAR,19.605631188581953
9aca552bc0db625caa91bc467cd23a844af655b74726616a5a71093106ed0c4c,2022-09-02T18:33:05.083+0000,CLP,6.340477334892158
8778bb55c11d9a74fadef874445159bcbb207ca62ab8bcedce64186630dfb837,2022-09-09T14:41:54.055+0000,EUR,90.47031199787334
40f0ce61a7782ae6ac8a21414e3e4e97b5883263939c0dc1c3dcd4a5b55a0e1c,2022-09-02T04:42:14.812+0000,PLN,135.70546799681
e6fb890f4c48ac48c1ac6f6aa72d0ad25064092693b7e57d8819c840a465dfee,2022-09-08T17:54:00.336+0000,JPY,71.41848745163587
f4fbfb91f806ba5244895f8dc20addd3d5c69b421421044b12fd685a4ddafdf0,2022-10-02T06:05:30.587+0000,COP,107.12773117745381
f594ca42083d3476b9ee502d3c4c4b37201efda9e923608636e3762c0489f57e,2022-09-28T19:54:31.237+0000,CLP,18.797850097438385
aa2864111c0354442a31cc53ac7c075cdebe0496dfdc37a678cd5dc3a3f02a0d,2022-10-06T07:58:49.239+0000,ARS,35.709243725817934
09a5c12f05b169d7b1caa5fc75926c1a3eac7432cfc8139b3c5fb0157ae90b42,2022-10-07T21:38:53.578+0000,COP,28.196775146157577
4ff310458d4d51da2f293a599b090fadcca164322b23b735970c514b096f323d,2022-09-12T15:11:41.127+0000,EUR,9.398925048719192
e5a260397b91a20a1c08a188d483c8f88f0b59a87654e418f4f76c2273a93545,2022-09-13T02:42:47.190+0000,EUR,126.17303614890703
bbdcca82918e08e47f6d84f173c559ab4ba25aa34898359b3ea812435eeed7e4,2022-09-23T11:28:44.716+0000,EUR,43.38199505925348
0ecdf53ed3f9cb64b252519afdb803d8772931b8177f96af6eda2ad1bf632e1c,2022-10-01T03:49:52.655+0000,JPY,45.48497733562833
aba11e357ec57b19aa6a557dc65ffa8360458b8c055039c4c80733825e291f96,2022-09-17T05:17:21.048+0000,EUR,41.44135735188205
8778bb55c11d9a74fadef874445159bcbb207ca62ab8bcedce64186630dfb837,2022-09-09T16:30:09.410+0000,PLN,86.76399011850695
841c4615b138de8697d640ffba348a914f1843be492b943b15a63f8dc5655067,2022-09-12T22:39:05.010+0000,MXN,96.69083534304475
1879a69c083812f0e3ac6b792e3268cc4c6252a67390194ae37910cff42facd6,2022-09-09T13:56:26.111+0000,MXN,145.03625301456714
01d82e912e287b21ee143566cb569560cb085b82125cf342723b5b1eab506572,2022-09-09T00:21:03.683+0000,EUR,38.728479921923736
a4bdc7f437db5198add4b9985bd640a144f3c7a5ff6da2ac7370b1f19e6d4bdb,2022-09-12T05:25:05.458+0000,EUR,0.6905411211529933
8f55a3044b945a52a49e83dd922b0a84d7f0cfe617b6bd705719f271a868f331,2022-09-05T15:02:50.224+0000,BRL,37.8079022597339
d3b2571e0ce45c402b172debed7e74d1d20ffdf20dc080875bcf74cf98f10467,2022-09-16T14:49:53.259+0000,EUR,48.34541767152238
b2956d57f456bf23a97a5da1ccf2e66bf07194b0f4fa034551352cb628d51776,2022-09-05T22:12:43.402+0000,EUR,146.80029884160479
d2656fb5678e5be97b9140e9f21677b826f94cb272241f7632e462d9c70b4310,2022-09-15T04:02:58.230+0000,ZAR,16.07104840412884
d70e58731c133a98a7e83c72771e238f6d59908b810918fa743753e0283d7d38,2022-09-18T20:28:26.190+0000,MXN,22.79125960685102
c80cd7b591d7fd8248daf4d4e0df90a9a2b6ff4565a0eb96c810ab461caa5673,2022-09-27T18:02:07.886+0000,BRL,11.222641985484033
723f16cd5b5ee46797dad9f552ffe2c77d341251b3599103e92c986ecf9affb9,2022-09-03T15:09:22.730+0000,GBP,48.933432947201595
49909a407c2f650c24ca32c4cdc6d072dc9e92fe2668a345c8d074b61abcfabb,2022-09-23T13:00:33.285+0000,BRL,97.86686589440319
a35cdc2ab54acacf244560976379b98bd67661c643df4440f6a343c253e09ff4,2022-09-21T06:16:53.459+0000,ZAR,5.357016134709614
075523057b702cb9c52d87433dc3ca8baff1621285ebb25f7d75f59dad268728,2022-09-30T08:55:32.673+0000,ARS,3.740880661828011
c3ac24440db3e88c897d2aa2c7fb3a91b36ab3d6f25f36bbd3be55db2e3069f7,2022-09-06T23:42:10.319+0000,ARS,64.23674726080166
45bd30929f806b816f98f9a3d8b2c3ff64f1301f03d9c9fec18d07b3d4ed7032,2022-09-02T11:11:43.504+0000,ZAR,10.714032269419228
49c8b9473f8ad0c03496aa92946739e18d2e385fb566fce4eb604db87829e170,2022-09-04T09:37:07.474+0000,EUR,114.16217096790771
ea5518539bba148fb2d496a39cd62d4bfd1b09261c075cef8eba6b7e8a2a2521,2022-10-03T05:14:08.101+0000,GBP,75.92677922514066
b502691516e2cd72034cee8dd605db672c52b1d7c9ce31649818b8fbb925f13c,2022-09-08T17:52:46.992+0000,USD,56.430202163095394
a59a97ecc490c2e68b99fd76ea2bc8490847c1a5d679fef9f6096c3d5055503f,2022-09-20T02:35:12.170+0000,EUR,95.01789599847413
03f74003ee54db44929fe97ec43db324257c0a203c1818f24af3778ad621f57f,2022-09-04T22:31:12.379+0000,ZAR,56.31608597854792
8752578f05de0b85bbe50dd163323d7253db59bcec1517140e3359a93d620483,2022-09-19T20:16:20.430+0000,GBP,25.308926408380223
c016268432c9e1f5e6fb41370bd1ceda4319117a66a48a4d6211dbeef91f9fa8,2022-09-11T10:43:22.083+0000,CLP,121.24400574775339
4b46181b2d5a7162edc0c721f0fccc6093166874952a2eba04e13e65e2925371,2022-09-16T02:48:10.866+0000,MXN,18.810067387698464
c76791d2ef92d1020fa31de40cd266e52934d79c789d934d3b1fe82c8ac132d5,2022-09-05T01:06:15.161+0000,INR,114.83012549066558
1771935c04949c350ff1b08115bd7d5660ef69d17c04169f9c42cc503a25abb3,2022-09-27T15:30:25.313+0000,INR,36.517237797561506
b9a8d9108bc567de66d39904675f3d7d863b6dc728ff79ff4621ef68b49a8b05,2022-09-07T15:47:42.308+0000,PLN,40.41466858258446
11854fcb740c01ad543e25ee38feb6c819f918517c24404411ccfcfa8d997187,2022-09-14T12:12:29.031+0000,CLP,148.79692666870147
e260ecbdba5834ce8b6d74ce4983be282e5523de66147cb640de6406628a08f8,2022-09-15T18:40:29.469+0000,GBP,119.95485410972007
104121239d717b55aad2ab02e5833c3aaf09e71fa3e1a8766ec6e33d2fc332f4,2022-09-12T19:54:03.056+0000,INR,76.10811397860515
c518f1296c204fa2ddc723db76c631b3e79fe6a4b72a9fb15e924164fc593b0c,2022-09-29T01:07:29.584+0000,ZAR,50.61785281676045
47ce6dbbb758a04c814f3beee71a89d2e3869b44ad2fd115b76761e1b00d3690,2022-09-18T11:00:11.344+0000,ARS,62.755594055235285
4668042f21632c2377171423875b711e1571fb86afe5bbe7d0b2d603e0435ab2,2022-09-20T22:54:08.147+0000,EUR,41.83706270349019
b35375a37f0dcc1d97da38c5cdbf6feb01f1a239cf6a91121388c7810fff6207,2022-09-09T22:26:27.476+0000,CAD,135.53783987027603
af73f983c31a1f6352ae91ee7f1f718c579aa30c94c53c5fb78c8a88b29b7d6b,2022-09-11T21:14:52.550+0000,MXN,35.98189509549476
299f1fb8027c44a673c0c02767c78a802775b011e5dd4523c7cf923bd867ab80,2022-09-04T08:02:52.263+0000,MXN,36.02926500592669
496446d4ad1e1b7d2b8543dc3324af870c11d79b75e9a2ecca173857c3d045c7,2022-09-24T04:24:02.440+0000,ARS,32.9488781954595
bc05dcecfed7e0bcb3fee44fa47181e8de6f5ac118715204fe09489df339f35c,2022-09-24T05:06:12.545+0000,EUR,71.96379019098951
7d83e0e1c8298652f56ae36df5a9dba43c90f0d540e456a9fbd2170e0703fcf5,2022-09-27T13:21:15.590+0000,INR,45.17927995675868
333b5c9ce14d9f51250bb043a8d5c55fa1430f56dc388e8a57bc18c3373b184b,2022-09-17T20:17:54.089+0000,JPY,90.35855991351735
140608f82abbd33f9b1dee15946ab6a01875b0002155db3cb44b16ea0f09dd6b,2022-09-08T00:27:19.567+0000,CLP,93.17227440759758
01324cd550560e190c0bc30df1a2c74bda878eaaf3ebdad80d936b9fb3d2b618,2022-09-04T05:09:59.179+0000,BRL,39.06093488376672
e2ea3a95ca59ea4c734c51fd5635f82740a8a7699f89756a1c2e1ea38e52a7d3,2022-09-02T04:34:37.143+0000,PLN,58.59140232565008
c518f1296c204fa2ddc723db76c631b3e79fe6a4b72a9fb15e924164fc593b0c,2022-09-29T22:06:16.638+0000,INR,51.36606380853988
cc99d049553789cb7bad1f89de5bf3913f29a9b4f1814d5dc68a86be853c100b,2022-09-17T22:02:45.681+0000,EUR,43.03874919847639
d33e94178e03fe5761b34bd661a3d404f4b4f824a8c5254e27e270c749a46921,2022-09-07T18:01:18.145+0000,JPY,105.91259510840976
3b06ac4c1092002d416aab87c95468dc0d893127ddf0a3d945301acf2277c438,2022-09-04T14:58:29.157+0000,ARS,70.60839673893983
122f6740ef603482e6eea5d9a3c8f3526f2bbcd63ada2f19f3af237c6c957fee,2022-09-28T15:57:34.869+0000,COP,36.63102857773794
be7ada3b8cbfd54753afadca43282820793d677f8504f314de960e42828cac5a,2022-10-05T03:25:33.321+0000,CAD,73.26205715547589
aba11e357ec57b19aa6a557dc65ffa8360458b8c055039c4c80733825e291f96,2022-09-16T03:46:13.259+0000,JPY,26.643219529724593
a0cfff13a1e2179d0067ec7b7dad8adf1dfeb22e109701b9fee2f1780058b6a7,2022-09-25T04:26:16.618+0000,COP,45.153622878598405
f71b137694b6f9fd2b3ac51749b234df22dafa4e7d8af334c8415a80ca603024,2022-09-10T14:06:34.194+0000,EUR,48.03878340992412
f7b23554c02c30e27086e5faf11c0923f21d053cd680d016f9e2b344f6f91189,2022-09-22T15:21:28.376+0000,USD,109.89308573321384
50e3a3501ab45b87293f58ce342e0124f9b67ef1ffcc1bc9ac865bd2e0c67b56,2022-09-28T02:47:02.877+0000,GBP,101.95099594352067
3196b1517b93934402307426ac1e3762ef8cd1e0e6681f42a4aa3f71a7213a80,2022-09-08T09:09:43.640+0000,ZAR,13.319580439411883
ac83d1b62def2a1215312050c011841034ebfc9601f924b6891298585f43fda2,2022-09-12T07:36:21.303+0000,CAD,79.92965858917378
1a55475d48623f33d197a724f0854d21f56f14dadc1afbdcae4310c6adaa902a,2022-10-06T10:49:10.555+0000,USD,90.30724575719681
0ddb1bb7fa098c1d7ea60eb86e39db9a82101253881af8da9b0213c30f756423,2022-09-05T07:01:05.466+0000,PLN,135.4608686357952
9ac599f7da2b354ac87543b9bd993ac7fbf254e00d313752fcf84261f5b9079e,2022-09-02T04:23:49.150+0000,COP,43.0674076957498
dcf60a2c49f0c4290fd141da2fccaa44866780105ec0e72978374a94779f5b5a,2022-09-14T00:19:58.790+0000,BRL,12.87509666478056
f9fb2560012233ef4e4553293a5377eead54a6c3edc51515128dc1f1ad6255ec,2022-09-13T11:03:24.241+0000,ARS,21.48485027802454
cf501753696458681be7d4b9c1273668547a87727700e1eace5b78f621139767,2022-09-04T00:49:08.110+0000,EUR,121.32990762912517
f746ab0487b2c415b080abd6affa942a93eb98723f89652cf712808f84d8a73c,2022-09-05T04:07:09.000+0000,CAD,80.88660508608345
5154ec1280f9640c3b102fd9aa6bf491eee4179dc7ee377439fc45de11aecd74,2022-09-10T15:57:19.372+0000,INR,41.9822275220105
9bb17e5a945f262837fe75166c547e7c3a47b76a2dfd7a7f7a8a3b56fedcfc37,2022-09-09T12:24:50.403+0000,COP,70.36461358452405
ba108f655bf5494b11e7bf0ee081fc12d15cc2f2081b7ba250d70f0d90dc2bb6,2022-09-13T02:22:23.564+0000,EUR,61.6870478537348
21ffd2b4fd93f670486638019d2ea11243f1e0312c0a2ec92b843b0bd4f59cbd,2022-09-16T00:44:01.978+0000,USD,109.2052480912885
017d03c6bb69c873e085dc1c9158a66aeeaafdae1f1ad9cd72c1a1c6934d5d3d,2022-09-16T05:30:36.060+0000,EUR,56.8320210244751
7f6a23c04fbf093713b9fdcece95b8b481d033ecb4e71c966c51965961d7ab39,2022-09-12T11:18:05.366+0000,CLP,46.9097423896827
50a77f24034a0cbfca59569ec254116e32e2058f91bfeee42a8e26d02f500681,2022-09-10T17:37:11.439+0000,EUR,23.45487119484135
c6cb4be19b51b84c1039655f3f1d0fe94121fb5a80a176b664f657f930683efc,2022-09-26T12:46:12.076+0000,ZAR,126.28160837465327
25fa70c7af777b9ab461a2ee1250e7b5ebfa799a2197b2b144d9003dd9e8915c,2022-09-14T14:12:36.798+0000,MXN,20.562349284578268
0a3ffafc78b80142012e4f8c42513d818c635bfadd0913a88203b5c54a0a8af3,2022-09-05T22:54:05.483+0000,CLP,99.52113855636695
b73f5a4a317bca34f00d5dcd17dad94d486c93c212a5d02e2553bcdd915a499b,2022-09-14T22:37:43.200+0000,CAD,41.124698569156536
1ddc62ea0120bb361e3485a54fd64ce79a42c7ef5706333945154bd67ed15cf6,2022-10-07T20:14:54.947+0000,CLP,39.44828562380218
27b6c3d676b554c410ce3174734e2e3dd4d46cc06fa89cd42dd7e2f8a1c1c211,2022-09-22T22:07:11.631+0000,USD,31.78503394761915
1771935c04949c350ff1b08115bd7d5660ef69d17c04169f9c42cc503a25abb3,2022-09-23T11:56:49.292+0000,EUR,10.685662148110486
051b12a61819b5b3e4583a1c4b4935330c866856ecba135550ed4daa156493d1,2022-09-15T08:11:08.285+0000,EUR,105.35993982883721
0ce70eb6358572cc1901318721b024576ee5f0d3e7f9e47c5e7dc783b8019317,2022-09-24T01:19:49.143+0000,USD,63.5700678952383
f4c988aea6908787cc077720195d94ff5c202edb6159871f117bbccbade75f03,2022-09-14T14:55:20.999+0000,COP,11.753530037584497
53b60532f53014b6ee5cec5aca0a63522d88fd6a7424266e1c8cf996d0d047d4,2022-09-05T09:54:40.950+0000,MXN,20.608444084671003
fc533ddcf82a6d88c93fbe423c553cbd788990d3aadc48f5d75155c9db85a805,2022-09-18T05:46:23.189+0000,ZAR,50.64296113984225
021194889a24060f44c5804d7dd592890e038d252f4a9c4b2d495f19b3076aa3,2022-09-01T05:12:37.994+0000,CLP,81.3739481915347
aa2864111c0354442a31cc53ac7c075cdebe0496dfdc37a678cd5dc3a3f02a0d,2022-10-08T10:55:24.228+0000,MXN,36.23646387083069
e5a260397b91a20a1c08a188d483c8f88f0b59a87654e418f4f76c2273a93545,2022-09-13T04:00:50.667+0000,PLN,52.31680199255469
d3b2571e0ce45c402b172debed7e74d1d20ffdf20dc080875bcf74cf98f10467,2022-09-18T19:49:22.986+0000,USD,17.43893399751823
0eb14dcd6b1aa0aee67eec57ff40503c3f9b8384941eba44e6105feda51927d2,2022-09-19T03:13:18.363+0000,EUR,33.22582515122194
a1c3b8a62094be0def3f3991647d28880e738f65bedcac3c71737381228d8ed1,2022-09-18T13:25:06.157+0000,CLP,1.339946032588124
7ea3896b8860ef1e2d4436bdbe45e58e964be97265ae7ab52894f7106cca36b3,2022-09-11T17:10:29.937+0000,EUR,88.53765288954011
918da80ccf5e86a14de689e2f73402be40288d49e19193bb7ec94964f4e940d5,2022-09-06T00:21:02.718+0000,EUR,84.2471823998085
683f4c681dd933d217b2dae6e9e50ddd471b92af29e7f25d65d08f36df46e78c,2022-09-07T08:35:45.040+0000,GBP,64.08899187422186
66b2ea9cc05c301f4a6ad0febe6a5a60517811d695258515e698526179a10d54,2022-09-11T00:52:44.118+0000,PLN,2.679892065176248
e5a260397b91a20a1c08a188d483c8f88f0b59a87654e418f4f76c2273a93545,2022-09-17T01:01:16.255+0000,EUR,99.43300631787332
f10d1d08e5c58a992658adc330e7439b08f7d6d50da0fe2caa10f743d931ec1f,2022-09-16T00:11:19.452+0000,EUR,23.74092013629899
1f70adcabeaa00a78dda3b5e1d6194f7292a1ca05c36f0d58fd08a83a2c1ea84,2022-09-09T18:41:25.383+0000,PLN,22.45380336895452
e44f779a96d3091c12e87e7f838b864d71f05e0177649c6a0e8f7266b6609f1c,2022-09-05T15:53:31.813+0000,EUR,23.88599695139002
412a3e3e54a3bb78ff00153201204cdebf0411de389ec037ad2d30d6cc905334,2022-09-10T18:25:41.241+0000,USD,132.80647933431015
cee8e8de6b5b09761931627d67c4cb58a299a32b8d9a2e10ae6b2c1c5ee82cf0,2022-09-16T20:39:18.432+0000,CLP,96.1334878113328
893f35615335a97bc77540bd3e1f53342829f5b91c3cb9fb9f5f1d1954ec2ef1,2022-09-01T23:23:58.561+0000,COP,7.367315378588845
26f86b8488859604e6104c64d66fbf3e6bf9658fda0f92f981576bceb95d730f,2022-09-24T02:23:13.413+0000,CAD,5.806634951857137
2bbd84fb6d76843f37b1a45a5bb0e144270e51a5a863ee647e4fc4ea8bbd4ffc,2022-09-28T09:21:56.724+0000,USD,14.73463075717769
85917ffef795e37cfb43d42209cf779167b52600ed196d3844a9c7a2da5f2cba,2022-10-02T19:09:23.557+0000,GBP,108.63276761651865
04fa39efd14cd59f0531457e33d57045bba3b209d85b87fce69fa095cd4d6f32,2022-09-22T22:24:55.684+0000,JPY,72.42184507767911
1325582654d9fde68aab70d9b8e944df2ed62fbf4e3d4e4f4e9c69f98142422b,2022-10-08T22:30:59.912+0000,COP,149.28906483933235
ae6490f86a5f3886e176954942df659decb0517a6ee8ffb6eca5e195d329fd95,2022-09-14T21:34:19.862+0000,ZAR,19.296462313696576
7042f89cc6fb19ab92055970756f1f8360ec26134ac101d38963dc3bf852d020,2022-09-17T05:00:20.346+0000,MXN,21.930107243658636
a049f20e32de5ba45d4d28dfb1553d4e4b1a2092b8089b0cc97f959f6ae22169,2022-09-22T20:44:09.403+0000,COP,97.49076646780588
29709103bf8de8beca0b277abb466efcc7576cc93f968ca410f52df9d5c3aeaf,2022-09-23T22:15:27.437+0000,EUR,11.592738658790253
a5b43fae29636adc927c2c067a8bc3ac0a4b52eb6e911478fc71e06894003b22,2022-09-28T07:41:58.959+0000,USD,76.1475357490449
6c12b7862d0bcd9b52c7623dc370001de6dd212c14fba6b704ca762539c6f0fd,2022-09-15T07:34:22.821+0000,CAD,30.873104725253764
ac95b322f57542d9e696dd365418e5de2aa4859baf016068269640b51989934d,2022-09-19T13:13:38.037+0000,CLP,17.41990485557141
794be00bf06c7470ca35e72def2e1c8d51b1e64e6e1aef5ab611bd58e68f5303,2022-09-21T23:14:38.873+0000,EUR,90.95106024622002
bd9359691ff1bb4176866ecda4e17144fe31523edf6a4f0cc687f4152738221d,2022-09-19T13:34:46.233+0000,ZAR,32.89516086548795
b97ffba072f4a51dbf6cbec650f1027208b616c4454b8ff1c2dbb07c81ff24e3,2022-09-02T09:16:13.157+0000,JPY,3.6118620902097884
63ecd2afe8eed4c7b173625d9faed97273c8e5cb5ea9c8d53db3f5e9d667b39d,2022-09-03T05:47:54.007+0000,CLP,32.77732312215036
44efde22c3cb5e99dee52b6b5753152524aba44548766271e66e057c06061d4c,2022-09-01T02:41:33.635+0000,GBP,82.52260950981419
cc93e37e6395745ed7639f268b76a3498024e8ad64d1a657d75fd9c78ea41987,2022-09-11T06:31:23.942+0000,CAD,91.03493053855625
f20bc760414a208080ef73b20c274d821b2fb2bac126a554f8154662baf740eb,2022-09-24T01:08:27.393+0000,CAD,20.197298534466967
46a1d4626e2f88fe5c7a9d0c0e505779013c01fe58eeb399c72fa2c9e71f2b12,2022-09-14T12:43:13.103+0000,MXN,43.68067173131135
bdc27804bb8c020a47419787465554615370a9e3b3f594b72c4a78fb6f28befa,2022-09-21T02:43:34.882+0000,ARS,19.590538591331054
919a2da3e5725337e83372153d96e5235b92a78ba60d456901ffda47f04dda1c,2022-09-11T08:29:50.671+0000,GBP,51.629687121742826
e8f05896acdc696d91fd048d94c386ef06fb921c48695834e82d2524da5d0ed8,2022-09-21T20:12:59.117+0000,INR,6.7324328448223225
3c3064a15ffc0c2a26ca6e2f568eb3e8795cd9edb779cf5752d0cbc18ecfee20,2022-10-03T16:16:50.274+0000,EUR,24.593825084150357
7c717f9eb8e3159d3eb57ac116516329a301912d41d3085b36767fa4f5e338c3,2022-09-11T13:21:11.645+0000,CAD,73.78147525245107
1c6325f663a7f70639b060e3e9d6b52abc65f824ce15a7088e1950e741d4fa3f,2022-09-13T16:53:11.742+0000,COP,71.17521290423248
d70e58731c133a98a7e83c72771e238f6d59908b810918fa743753e0283d7d38,2022-09-12T22:43:47.207+0000,MXN,12.234133454048624
bcccaf10460492c5a28c387e4cf24ffc1f5d39d25f6d15f3a44a099dd0c5d2a0,2022-09-14T14:20:50.534+0000,CAD,44.22405440063886
a5b43fae29636adc927c2c067a8bc3ac0a4b52eb6e911478fc71e06894003b22,2022-09-25T05:12:37.351+0000,ZAR,80.67696488505148
6bfff9881f849c0559ba4a1f24e908a22ff6ad77ac70392a2d64890777fc7b6b,2022-09-18T19:51:53.022+0000,MXN,24.46826690809725
890a8e99ef7a2f4d3f1418eb85952e0690cfb52737b8bceeb2c85a303a2c45aa,2022-10-01T17:31:38.771+0000,MXN,19.632321534380548
6c12b7862d0bcd9b52c7623dc370001de6dd212c14fba6b704ca762539c6f0fd,2022-09-11T05:03:49.930+0000,BRL,28.27123939369118
be9bdebaedb07f060abbc2fba5c000f9644b2ea774276119158746c3f501fd18,2022-09-03T12:10:52.224+0000,EUR,2.3646750982579845
03f74003ee54db44929fe97ec43db324257c0a203c1818f24af3778ad621f57f,2022-09-12T05:28:30.794+0000,MXN,51.82340957069768
ab46dde90035381d43b04164059d23db334d39985324a55eeab3cdf854ab338f,2022-09-02T17:22:11.466+0000,CAD,94.69392095241125
8778bb55c11d9a74fadef874445159bcbb207ca62ab8bcedce64186630dfb837,2022-09-03T11:26:51.924+0000,EUR,73.19190243486109
40f0ce61a7782ae6ac8a21414e3e4e97b5883263939c0dc1c3dcd4a5b55a0e1c,2022-09-04T11:19:43.841+0000,COP,36.70240036214587
e43c302fd5a1af6a2dffc3fa7db6c768d087389184337bf7bab979575fd182a0,2022-09-25T14:38:49.608+0000,PLN,91.21011283374925
fa4bf41f32ed0b56af3b5aa7743fd86eaddf4bdc06cb1e4550d1e9a8003c0142,2022-09-27T10:18:10.523+0000,COP,77.73511435604651
a89a27a95e75284fa20e39a1ad820e30087c9ea0085af9dd0c8322cb7d23388a,2022-09-13T03:43:13.177+0000,GBP,132.6721632019166
264cb09266859c56012ae4bc3bd905d1a22a995f20e21152896d23b75121e132,2022-09-28T18:07:08.386+0000,BRL,23.559534577115848
6f7eda6b84f0a9927d75e2c6a4b9343a75a34098f3837860af54cbeab3468954,2022-09-01T06:39:39.721+0000,CLP,47.30151736111677
0a6e30c3343b1fadb7cac02a4269a9a6c610cb7b801e2ef822d0fcf089744d55,2022-09-21T11:58:43.765+0000,MXN,8.27911703423908
0501d60cb71579b1ae585efabde8a8eba08c112d35bc044d32ef9498cfaaeb3d,2022-09-22T02:23:07.900+0000,GBP,41.445532382286636
7ba7c5be433c8a0da9591a1c771caaa9c521c75e12565868d9af72e71946a35f,2022-09-25T23:33:25.580+0000,BRL,19.77795906239234
1b34917d02059a55af146f7a7d6070df9dc0fb22a4f4afde0ed562c376e6216e,2022-09-18T10:14:36.373+0000,INR,37.51432401794367
53f5599267e5187b933740bb71d9b2f5d2d0f0318ac716e8c0caec7801e7cab6,2022-09-24T02:25:59.211+0000,USD,7.094025294773953
17c8648579a842fb616588061d0cb2bc30162c315102292d633055e80ce83160,2022-09-19T01:09:19.853+0000,PLN,49.69322495611914
08a3d7e73a6f29212f0bab2ab00b75ae823eef9b9377ed18e492bf05ad9ff5ca,2022-09-05T12:25:30.002+0000,GBP,47.50885700917764
952550d7cc81bbf89fc2ff7e09b4c1046855709c51cb82800af5929bb0185b18,2022-09-22T15:22:59.328+0000,EUR,69.32307448549028
771a1b0c31ece472880d79338ba4f242f40647f3487c2a97a575377182b8ff00,2022-09-13T14:49:26.986+0000,USD,46.42377793600542
354861ec0a9ba022be1aeac65135ff7165f812d2e23d444e76add7274d83f766,2022-09-23T03:24:45.751+0000,ARS,99.40028093187266
fa382f89c937490a33898d4acde74d5c967d18d82f2c31d81151ccb5f3c41274,2022-10-01T15:18:06.833+0000,JPY,7.665561504368245
3823748f62b79280a8d41654e15fa93d68f4af71b2e0cd719d5b6deb9d33fd6a,2022-10-01T02:08:00.042+0000,EUR,95.40239039634231
1c842b65830e1d9e91b51ada621d8cb4ab2ae8ef07bba509bf81ae4494c9a7fe,2022-09-27T20:13:39.194+0000,CAD,34.80034993019855
9b4fc8624c77115ce6ea8c62c24fd00228074c181ce2bb2824b895dfba33c8a4,2022-09-05T08:30:31.075+0000,MXN,49.70014046593633
618d36adfef2c670703b4a44cd9325a41d223f3a77132e1b6e053d4ffb9aec83,2022-09-24T19:49:15.728+0000,BRL,29.98651521335719
6dbfc11219147c1efe69c041434f362674e561b0c6a61f1ae5660132d1c645c9,2022-10-07T02:28:29.921+0000,EUR,143.10358559451348
c7cc9c63e26857d185692a5b15dc96029fe6b2a7f7d47e9c5e7e3fda68483ea1,2022-09-28T08:27:08.365+0000,GBP,52.200524895297825
08b8d51f05c2351f1b2f9da4755b04715ab2e5041768fad1fe0fa61cc129b5cb,2022-09-20T19:10:34.710+0000,USD,44.979772820035784
3d03d27fc2374dae4421028bb4c4f5b98f568bb4d3e3ff78a99387ce73aeefcd,2022-09-11T13:44:49.750+0000,EUR,55.06681353048018
7982f9be5ab5144b5fe7f106035c98e6c453b32a6e6f3c08a3a5d42b2ed3fd03,2022-09-30T19:00:12.071+0000,BRL,93.66421952745341
49c8b9473f8ad0c03496aa92946739e18d2e385fb566fce4eb604db87829e170,2022-09-09T18:40:58.222+0000,PLN,45.40811711218078
7c382faf8ed7a8faf3d1e729c6048ac98cbaf4c8dd090ddb3523018d3b017113,2022-09-28T13:16:19.287+0000,PLN,47.701195198171156
59fa380abd98791c4da076a5484cbe8d993018b713286baf0c75525913eda0a3,2022-09-26T09:40:10.136+0000,EUR,17.400174965099275
b502691516e2cd72034cee8dd605db672c52b1d7c9ce31649818b8fbb925f13c,2022-09-03T13:18:57.014+0000,USD,86.8317592982545
ea5518539bba148fb2d496a39cd62d4bfd1b09261c075cef8eba6b7e8a2a2521,2022-10-06T10:17:34.029+0000,ARS,58.47066541291276
3b14679f7fa4edbef63521c0f03eeaf1a5355da1d9ba8a23ae66dbd6e64070b0,2022-10-02T14:42:19.754+0000,EUR,63.293943003107096
22f1d5c74313c8bd9df39de6f9ee6798731f3e7978f908b78dc823e56e92b3ad,2022-09-28T17:06:37.945+0000,GBP,91.57370944934867
69176806560127e4e4efb0023880af89f1e6cb9e92f87d8257042384a04e384e,2022-09-11T12:22:15.555+0000,CLP,14.993257606678595
ac83d1b62def2a1215312050c011841034ebfc9601f924b6891298585f43fda2,2022-09-07T18:16:57.527+0000,PLN,108.28917570469228
0ddb1bb7fa098c1d7ea60eb86e39db9a82101253881af8da9b0213c30f756423,2022-09-08T17:02:21.913+0000,BRL,47.91671401675047
83c98ef9ea912b72b40511517784f9f9059e678417e69a233e163d5704dc0c79,2022-09-27T08:21:13.664+0000,ZAR,62.44281301830228
c9cae7fbd68d5b4bbad8f08808d59e037d8d3b46447b47615d6f7b52afecba66,2022-09-30T02:52:25.356+0000,EUR,41.350101563170384
71d2facf346a10f90c3c2e0071a338561a0abe937a63de010335053ed59c72e0,2022-09-19T02:29:40.601+0000,EUR,38.834309499937994
1a55475d48623f33d197a724f0854d21f56f14dadc1afbdcae4310c6adaa902a,2022-10-02T06:30:26.757+0000,EUR,30.27207807478719
266dffea956c6b514f76d9604cb62e9047fde9df31fd067fab9c247be487d0b4,2022-09-26T15:24:25.569+0000,JPY,58.23211751513209
1fa19860d4b4ab33370a14650624dc6e9647325a15554872343a687480911352,2022-10-03T20:49:13.351+0000,CLP,57.88783953216966
a1bd7eafcba1a1f07c634f0fe551d1789f6ce9a6c9d1d3ae43a803e71cdb6d1b,2022-09-28T07:55:57.233+0000,GBP,18.355604510160063
2cd230076111bf3128db37a9ebe3a3a8ddb303c89448e903df57c85fbd137e79,2022-09-09T05:22:38.273+0000,EUR,125.36595483174663
9ac599f7da2b354ac87543b9bd993ac7fbf254e00d313752fcf84261f5b9079e,2022-09-13T00:21:31.816+0000,EUR,45.786854724674335
bdc2374c24a39b37dd10182a4fe06854cb0d504b727efa2f44cf4ba016f41553,2022-10-02T15:45:51.217+0000,ARS,38.9804436086085
504a4e8f29689bb15259f8d4763adc5d3fa2b5938140d0b6edf0bedd2ce0babe,2022-09-26T02:16:15.605+0000,BRL,18.97868420585695
6f4c19fdea96e2523bd43ca4aa1bd34cad7b2d8a36524dbb151fe2d5cb7e38f1,2022-10-04T05:24:32.070+0000,ARS,28.044747788657897
9a67975186c3f56a527f55dbaaa3a4860e3990fa0fb535e2aea1f8d62d59c165,2022-09-01T20:45:45.766+0000,EUR,31.22140650915114
12e487c5e2532d8faaf551ba159568d4cdf258b5f7ba757f08b7cbd768661bde,2022-09-04T11:03:16.625+0000,CLP,21.469100971000177
372034ac60e7a4adecb4c85faee755f9a5c3816c4fff1b3b42203ebeb5993897,2022-10-03T02:21:54.052+0000,INR,64.40730291300054
691b3df509a7b97b584fc01c9998811679ea3dfe8e112559374273e05b31ec4e,2022-09-05T10:43:09.759+0000,USD,42.938201942000354
d95d04c233c4f66f0952d17a84e463bf88ddf7e29851cc3d4f21eb9f042baa66,2022-09-11T14:30:41.175+0000,EUR,134.0526645705645
c04e6979eb8f349483993c0bd2924a927024c5129e6cf91f13e8d116a88ba095,2022-09-01T13:28:21.373+0000,INR,89.368443047043
bfbdabc7b1603265df674e45009b7a5de73c19123301dc804ad525264afffb97,2022-09-27T16:50:05.533+0000,CAD,10.196358574355651
0ba68fd1bde3f46eac04056244b392d3f2ebe9f44e11c782249b723af3a01b17,2022-09-24T10:53:40.173+0000,ZAR,5.188514349984047
f9af25e825f2dc41cbde6ebaafd21c7ac1657bab68797698cc5e9e5a9ba3e37a,2022-10-01T07:42:52.135+0000,EUR,15.56554304995214
df67e3b08cd400b10d840104786b372712fd0132587c6a4e24fe0715eed420d3,2022-09-13T03:26:39.648+0000,JPY,20.392717148711302
81f0cf8574aea2c357bdafb355938922ab5302c3bdd356bdf04cb1dbd9b71954,2022-10-02T14:44:50.225+0000,CLP,73.23225504278534
707610ca97ebc6ec395615fc4e8c2f8c89d668bd46bddeb61c3fd9e05d7a6474,2022-09-25T14:59:50.752+0000,EUR,72.99671146081907
2d5ba46c60fab7c3e45a08317c22a8cdb623d47503f0dd73d21ebbbdb69563f2,2022-09-13T22:02:11.025+0000,COP,35.04433795519002
264cb09266859c56012ae4bc3bd905d1a22a995f20e21152896d23b75121e132,2022-10-06T06:06:05.093+0000,CLP,17.52216897759501
4c88d7955a600862363495ce77165152e8f90b4583bf2f50c53df6beaa63ee42,2022-09-08T08:58:12.243+0000,COP,52.56650693278503
28dfde50de8fa2add99fe4613282023ea99719820dbe98f5a584dce3b97e5c5c,2022-09-15T21:11:28.817+0000,BRL,42.92811638187818
cd62ab8ec7ed52d82ad67342abec11b88ba4d7a84da93f441ea5675fe241c930,2022-09-23T14:38:22.186+0000,COP,128.78434914563456
bdc9b8403d0a96549bd1c6c88cf5b7ef2d797e5477454eeeb85e59ba12b4e22b,2022-09-28T16:13:09.468+0000,EUR,39.033115259799565
691b3df509a7b97b584fc01c9998811679ea3dfe8e112559374273e05b31ec4e,2022-09-06T19:06:07.714+0000,BRL,85.85623276375637
7c2ab1f577d3fe31a3ce2961716dcc65b99f60613026bb12614d342364ea7a6e,2022-09-10T18:44:30.580+0000,BRL,78.06623051959913
18c61c4f9e4b0e94f1683fcad82b75e0c6cb58c2e469a0ca3ce2a9600f6032ee,2022-09-03T01:05:26.454+0000,PLN,14.0318031061406
3ad89b6d52508f98196ab7a1bd9e56fa1b67b82498b8db532f884999bbf61845,2022-09-07T20:49:07.088+0000,EUR,9.354535404093733
21b670bd43d8a08d384de03c83757b6843de31ba0605531b2189e18ec1506e9f,2022-09-06T14:15:43.284+0000,PLN,49.58310452678438
2ed44a87f4b87ce46bb25c13b013f355562a2ca2425c2aeceeda2c70ed6a87a5,2022-09-05T09:17:56.909+0000,CLP,95.53017261379844
daf756a84bb780daebee4d5e9166cb87e5d19f68b0ebfaa63e503f3d6828fc91,2022-09-06T19:01:42.137+0000,BRL,47.76508630689922
d95d04c233c4f66f0952d17a84e463bf88ddf7e29851cc3d4f21eb9f042baa66,2022-09-16T07:35:23.927+0000,MXN,143.29525892069768
4d68f218489e8d289cc0e2ed26a20a68829b7cba17b5573233918624f35873fc,2022-09-10T03:45:40.819+0000,JPY,6.172237202210168
07db7d648d20f9877589fb98c3d3d1f8b2d8e4014a1dff2bd281949b9a0d8ebd,2022-09-09T08:25:03.774+0000,CAD,18.516711606630505
3751f1c6ac021bae60bea7d0a46982ed16df03f79410bf6e99e1a3f8db68db1a,2022-09-04T18:45:31.366+0000,CAD,35.825791560361296
f0dade3b3c0175db7178ef7dce620775d43a8e04c1b80a77e8a79144919ccf20,2022-09-12T15:15:16.728+0000,ARS,51.105508706783795
61d6ad79c96374de03f66b6984a5e4fd0427b3a4adae77f67d0f9ad48b558f5d,2022-09-14T05:04:30.789+0000,MXN,30.058709781481834
3bc46e052ee235230d453e6d627b9d156f1a78766588af326d839eca1c63b9cc,2022-09-09T15:22:12.122+0000,PLN,12.344474404420335
df67e3b08cd400b10d840104786b372712fd0132587c6a4e24fe0715eed420d3,2022-09-10T07:57:02.626+0000,CAD,34.07033913785587
de25c1a1ca4e1386bd5f6a9f95fea1d7b025da257f55a625089432c062f43a03,2022-09-07T19:35:04.260+0000,EUR,98.33597803576632
0827c207d937b8e4ab34144318e53607a172fbbf2c36ae0e20d4d3aec466b9a0,2022-09-01T15:51:53.388+0000,MXN,107.47737468108389
ca25fa9eeff7bb26ef784670c05c8e7c63a38bea1cc1da478ede93bef5bdc2e0,2022-09-05T23:40:37.360+0000,EUR,71.65158312072259
d47c9c332147196e8dd35420b32fc2408c6091c2f7d10e6a0e6b705ed2b9b932,2022-09-03T06:18:15.221+0000,COP,8.636766212021573
db61d68c810576472f0cfd74d59a9ad9863ba78b5834e55fea3babde14105983,2022-09-08T02:36:12.948+0000,JPY,30.113202230082965
075523057b702cb9c52d87433dc3ca8baff1621285ebb25f7d75f59dad268728,2022-09-23T16:22:57.075+0000,CAD,22.934710688397868
c518f1296c204fa2ddc723db76c631b3e79fe6a4b72a9fb15e924164fc593b0c,2022-09-23T10:25:37.082+0000,MXN,31.407226629709907
ef270e68cae126e8c1795047d98f6896ddc4bfac931ef71dd6fb1bbab42e938f,2022-09-16T09:58:16.109+0000,ZAR,90.33960669024889
933c69c2650c4afd245da784b78ffceaa732272b566247b21321911691bc0cc7,2022-09-06T21:38:22.477+0000,CLP,38.597270578737394
ceba11db06a3159238a75e143070782ea82ac979b98d389709a6bdcf8ce6ab3f,2022-09-16T11:25:33.124+0000,INR,60.22640446016593
aa95eb1853d45123b6e5dfaec10a42ebb675391dc296bbf2f0a0ca641584e7ce,2022-09-09T11:25:29.553+0000,MXN,40.91169771544574
743482f300ab7f2fff807fcab32cd4aa268e0c44e15dd92c532df119e6aa6769,2022-09-12T12:44:13.427+0000,ZAR,36.67995235419122
0282a1ff863896240f9ef8ed0af08582471d714c768e07715ea7f11ad363bbe6,2022-09-07T08:04:02.724+0000,USD,15.187720689080697
e8026958b7748013dcca7166aa2cffde6d4f5dd5bb5b6125cc84937847d2979a,2022-09-16T08:06:39.684+0000,GBP,7.388958814377366
6f497b6aa5aa429e4a2d1f4775e8ba7bd6c1ac6f95cd8960eb9c516b73cd4651,2022-09-06T10:50:18.041+0000,EUR,42.303923784136735
640ad32f9d44bba569dd49410d4686ffa19c1de99d09f62df16ba00542a90129,2022-09-08T13:22:36.496+0000,EUR,41.36882448098256
c4bf075ebc39946e35597f4d1cf0dd3b055c03003429fbdf97fc1bdaffb84337,2022-09-15T04:20:27.906+0000,USD,68.80413206519361
c8dcfb271706177aa4ba7ffd3f473cc9ec90e0b31f5c1f7663c2d2cd8c6add53,2022-09-18T07:43:51.997+0000,USD,77.19454115747479
6b45bbd0b7361ad0c7cf4f67f1aaf840fe7e171899002ed4faa604908a78c852,2022-09-16T03:56:00.751+0000,PLN,81.82339543089148
4dbd39049a064ec2ed42d4097b68299fdaa732de73df432b3a6f01e5be898edb,2022-09-08T03:26:11.367+0000,JPY,30.375441378161394
43330b50b474543de5126508e581df56f27b5436b5a7b3bc537c8f098f7a3464,2022-09-16T13:17:17.850+0000,CAD,115.79181173621217
27b6c3d676b554c410ce3174734e2e3dd4d46cc06fa89cd42dd7e2f8a1c1c211,2022-09-26T00:47:54.895+0000,PLN,40.647966465430244
c7b38a7b9591ad4fdf17d8190e2e2ee4a1f0e18ed6f2632a9d6029b3d4fa8ad1,2022-09-13T06:47:41.464+0000,EUR,122.73509314633722
bb56fade6d48b49d519f81b0c42d35c7720db24872c985c9988f2652504f3242,2022-09-12T09:53:10.362+0000,BRL,42.70352942259651
79a556d9ed5c969cc925f851dea902ad9a1716ce69f84eef2a55ec74627a0131,2022-09-03T10:46:29.436+0000,ARS,110.03985706257366
971f0c10e68c91bbca169ea18d6ed039714c66d62afdaed4fd4cc0bdaeff73ea,2022-09-18T00:11:12.814+0000,CLP,14.777917628754732
c35a2080391114fdb18fea8c83fb145bbfc41c4656d092fd84f7c6ab8799189b,2022-09-11T09:21:43.194+0000,BRL,82.73764896196512
ae5139d56923b4ca30ff7111dac1ee9817602f2ca434b3883e575058645f0152,2022-09-15T07:42:00.045+0000,CAD,20.456774102042452
7ae1c7227e19d1a3e55f900ab47d3f72735ecb2123fce9dbff3a2b30feeab6fd,2022-09-20T06:43:19.052+0000,INR,91.08401572497405
d9c5c46553c00a6dd8ff304293a1a7ec185dba4ba87842f4e2647dd5bbfb704e,2022-09-18T09:14:33.584+0000,JPY,30.45191376499339
3fe8b9265317381293022ce619b2fcbc729fdbaa379567a14207f2fa521b7658,2022-09-10T01:02:15.884+0000,JPY,10.150637921664462
7dc18c7eee52b7572288cbff679453428bf5904934d01435f7828debf9eedb1b,2022-09-15T02:36:15.794+0000,COP,30.051380170308523
0ecdf53ed3f9cb64b252519afdb803d8772931b8177f96af6eda2ad1bf632e1c,2022-10-03T21:55:14.245+0000,EUR,12.9651457618999
6460d4f7ed556c2e53e34bb0bac54f0cc8a3bf0207af910143e59455caddc0ba,2022-09-13T14:18:07.924+0000,MXN,121.5393284595592
126d75cc0fad27f2ee0653889716a442fd1079f569349a796b4633db3967f05a,2022-09-12T05:39:35.233+0000,INR,31.291486910362774
bb776d0e347c291b5ada2ab74cf5ca3f42732a57cba19f732c415f87492e3993,2022-09-15T07:07:20.876+0000,COP,25.9302915237998
4124a4f442e72b3655024eabc8938a5648e8b689d5fb2fd3c64cdf6b2dd362b4,2022-09-02T14:52:10.644+0000,INR,17.80797797330211
d95d04c233c4f66f0952d17a84e463bf88ddf7e29851cc3d4f21eb9f042baa66,2022-09-07T21:55:33.337+0000,JPY,136.28159554470247
e36878c13e6aa60345a20fcaf675ae2de98a053d65844140f816626a7cd97eef,2022-10-01T07:21:51.996+0000,PLN,5.935992657767369
27c8c2ae02b3f4aa7600b7e1d46dfd043ce454087c894825f3592236e74f4832,2022-09-30T17:14:19.451+0000,INR,81.02621897303946
d68817abf31a864d730ca0f27fafbcfe8672a769083921f05a433bb5140f35af,2022-09-03T15:56:27.645+0000,EUR,17.706741992339392
2f86f1de7b594e95abd3023dfe574bf6e655bb1e6f089cb6147cae600e8313d1,2022-09-13T10:06:34.841+0000,INR,4.3544722189046094
c7b38a7b9591ad4fdf17d8190e2e2ee4a1f0e18ed6f2632a9d6029b3d4fa8ad1,2022-09-17T21:10:53.003+0000,USD,26.56011298850909
39b949ca0317effd45a4f1c188591bc167405f854e3183210f5249d001f7c084,2022-10-09T20:20:03.608+0000,ARS,22.336697951370187
af05fdbfac1720d9ee7c30a0fe94b30bdd6e3e13c990bd6e5e4dc713f61f3044,2022-09-10T12:15:25.941+0000,JPY,33.50504692705528
f7172b9969bda214a5fae47ebc52456ab080ba59ea5d50817978574637ca60a3,2022-09-04T12:48:06.508+0000,CAD,64.04841925204637
f6e35863fae25c4b372e5054ac52a60021a4edeaa0cc2e31d9e229e0dd578544,2022-09-27T08:22:55.742+0000,MXN,65.98769289623628
16091c2666518313528f4be2466267978464ee8fba88e66bb6d40b6fd11e8d5b,2022-09-24T06:14:04.864+0000,MXN,32.99384644811814
55fcab2f292b1fb64e795139c736a8bb41238be5e760faa952d656656c16d059,2022-09-26T02:37:39.205+0000,CAD,18.967333977882372
e674fff5aaf4694ca07f8f71e308b51dc67b066b542d54a38f85aa841066a45c,2022-09-21T16:38:02.958+0000,INR,9.483666988941186
4b5d94d78949b443432dd68ec809d73ac16ba6c3a305067c88cd7f328a1cd3ad,2022-09-06T22:17:20.007+0000,ZAR,46.22537689600608
b3bad1052060d64a0622cafd7fe0d184d3ed7cd133b4fb07546429016d401a89,2022-09-17T16:20:45.414+0000,ZAR,98.98153934435443
d413660ef10c4dbee09c3ab53440eb904c90d79a1e14f4b086512801686930be,2022-09-24T22:09:35.300+0000,JPY,28.451000966823557
7c1196bfb13d8df6a6ce7a621dffa7dbd75c209405afaa4d688845619397f680,2022-09-08T21:50:59.799+0000,COP,82.32309617526882
3b06ac4c1092002d416aab87c95468dc0d893127ddf0a3d945301acf2277c438,2022-09-07T03:31:46.779+0000,GBP,54.882064116845875
9233f1a4d5d93f4a77ff47405b9a70748330818758e972872fcd738934735f16,2022-09-05T01:04:28.896+0000,ARS,131.0661668331984
d4945151b5ec3af83f9d071c27b38b6778df09c80ea698fdf4460e809c883329,2022-09-03T08:26:04.803+0000,BRL,149.98487268113416
4b5d94d78949b443432dd68ec809d73ac16ba6c3a305067c88cd7f328a1cd3ad,2022-09-07T19:07:51.857+0000,INR,36.588424150202734
3aec8aeefec7c87ee3eb574f58d1ba0924647ec44553c24e0ec4b240ec8efa98,2022-09-02T09:42:05.574+0000,EUR,49.99495756037805
f491a483d05cc7151d3a58ba5b5642d1eb2d4b1abe71828ab422a2a60b86f2bd,2022-09-10T07:55:39.876+0000,CAD,36.00357404820469
6f18b55a6d75076fd4e840bdd9489e32d7ac693d743f2d2648a6aaadda33442d,2022-09-07T19:33:05.985+0000,COP,1.4286732324002571
1b22b1ca881632342999ea3e96571231d6f4fc78f895d3be33081e6c1a410e60,2022-09-03T20:00:36.811+0000,EUR,27.416827742474847
5829ac200a7c9e8e74426bd80890f1a9de40e87869186f9b1c83b2069ca31437,2022-09-09T18:58:05.857+0000,ZAR,99.9899151207561
5415bf3df1dabcca7bccfc8dc0f4d79c4f2d383fe8c779555839858b8779b1e7,2022-09-10T10:29:28.272+0000,PLN,54.833655484949695
b38283cfdf819fcab0b2607cfa3a3fa4ac02ddfe8f26591cba04721b44212aee,2022-09-02T20:07:26.338+0000,COP,63.34250469729859
320ba9acec70ea97a4796ff0d92d80a2639dfaac7546bc80d7d37d53c29eb60b,2022-09-04T07:25:35.020+0000,BRL,88.73575415107415
72ffbd82c6e3567eca60d90fac683fc26a3eeab95bbcab332140d00fda6fd9f4,2022-09-04T20:33:52.010+0000,COP,23.133171867274726
661f386b1a5b1bd5e6f1e58ee2965ec3c12c67ae94301eeac43941a2e7400579,2022-09-07T09:58:58.858+0000,MXN,0.4762244108000857
09f886aa57f25d356bd8c882c390d42b5be9a617e22758a35117481d7ef4498d,2022-09-01T15:59:44.475+0000,CLP,97.02623031816995
3ec710fb8c35443188d96460c4cb7b0375de8fe8039e8c8ea8b715aaca7dbb31,2022-09-08T14:27:24.057+0000,INR,93.42615280404326
691b3df509a7b97b584fc01c9998811679ea3dfe8e112559374273e05b31ec4e,2022-09-05T08:32:04.901+0000,ZAR,88.76345399034821
f7b23554c02c30e27086e5faf11c0923f21d053cd680d016f9e2b344f6f91189,2022-09-18T23:19:15.447+0000,EUR,149.99081532278024
c7b38a7b9591ad4fdf17d8190e2e2ee4a1f0e18ed6f2632a9d6029b3d4fa8ad1,2022-09-10T19:27:56.687+0000,USD,19.86152067078269
37cb4c99a0a1bcc2e8df36904b856f03307b75deab5a4fd837fba187435c829b,2022-09-10T05:40:24.182+0000,PLN,13.241013780521794
4d68f218489e8d289cc0e2ed26a20a68829b7cba17b5573233918624f35873fc,2022-09-04T03:57:13.846+0000,EUR,44.381726995174105
267416ce496a5be0164e9aa2b572e583c17df4058de43fb7c572c1255f128e4f,2022-10-06T05:57:47.573+0000,GBP,49.99693844092674
2a73dddc745cdbe660ce5740834512e3d1b282fe4098911b47036b722a32e6de,2022-09-05T02:09:37.207+0000,USD,6.620506890260897
81aeaf6668750a6096b3eb1dbc183396bc3a8e3e4481d26b965fbd4bd2aad19f,2022-09-12T10:57:34.013+0000,ZAR,24.691069058943782
d70e58731c133a98a7e83c72771e238f6d59908b810918fa743753e0283d7d38,2022-09-14T23:20:27.697+0000,EUR,38.072899331908395
c04e6979eb8f349483993c0bd2924a927024c5129e6cf91f13e8d116a88ba095,2022-09-11T20:19:06.060+0000,PLN,87.9710909895746
d3b2571e0ce45c402b172debed7e74d1d20ffdf20dc080875bcf74cf98f10467,2022-09-11T08:04:00.296+0000,USD,33.23339974741743
cb1a84ac578ef5c06258f3b36d9b204f6cba5ed6d335751c0344a4ba97a8907d,2022-09-07T10:35:00.946+0000,BRL,84.15010916848581
3bba20cd52c9b729a9deacebefc8a4e54fc6594618b8a8c2a46fc224330c1e5c,2022-09-02T02:42:51.332+0000,EUR,42.74215479489713
b502691516e2cd72034cee8dd605db672c52b1d7c9ce31649818b8fbb925f13c,2022-09-13T02:10:43.332+0000,CAD,43.24732210610991
78c868b42eff2ca975ba749da9fd80c8f284612345d8192b14802f772e9a0ff4,2022-09-01T17:40:00.994+0000,CLP,14.247384931632379
075523057b702cb9c52d87433dc3ca8baff1621285ebb25f7d75f59dad268728,2022-10-01T03:48:36.015+0000,ZAR,12.579933952264966
bb90fcfe34fdbf3e968fe06cb2525281f9a9c3339c8a82db10a1648c5fece557,2022-09-23T20:27:10.632+0000,USD,25.159867904529932
7caff67c75b06aa9ad2c8ccb111a650615581773e6d8ac11532158edbb6234e2,2022-09-29T04:57:22.302+0000,GBP,38.82883455768385
771a1b0c31ece472880d79338ba4f242f40647f3487c2a97a575377182b8ff00,2022-09-16T15:49:54.160+0000,BRL,26.770733420145433
6c12b7862d0bcd9b52c7623dc370001de6dd212c14fba6b704ca762539c6f0fd,2022-09-15T17:30:17.952+0000,ARS,19.810496783814674
